"Genotype","Treatment","mean","median","var","n","sd","se"
"100","EtOH",11.7670708955224,11.4645833333333,3.54236903393387,67,1.88211823059389,0.229937338444528
"100","Rapa",11.8700301204819,11.4645833333333,1.22507249654104,83,1.10682993117328,0.121490368329675
"101","EtOH",8.71159722222222,8.5,0.933949559596673,60,0.966410657845138,0.124763079447719
"101","Rapa",10.9107040229885,9.625,3.80526688113363,58,1.95070932768919,0.256140683365056
"105","EtOH",9.86287878787879,9.41666666666667,1.15459090324542,55,1.07451891711846,0.144888101227083
"105","Rapa",12.9146180555556,10.4645833333333,22.1348248428182,60,4.70476618365017,0.607382702569231
"109","EtOH",10.3440277777778,9.41666666666667,3.53841093848085,60,1.88106643648779,0.242844632720897
"109","Rapa",11.4136574074074,10.4645833333333,1.42912387014991,36,1.19545968988917,0.199243281648195
"129","EtOH",11.3059748427673,11.6666666666667,1.72692007841477,53,1.31412331172336,0.18050871919644
"129","Rapa",12.0705929487179,11.6666666666667,1.34298639260726,52,1.15887289752037,0.160706755913662
"136","EtOH",8.86234848484849,8.5,0.310192234848485,55,0.556949041518598,0.0750989934381746
"136","Rapa",11.1112840136054,9.625,12.8028793824995,49,3.57811114730936,0.511158735329909
"138","EtOH",9.17673423423423,9.46916666666667,0.436942746513637,74,0.661016449503064,0.0768416014255542
"138","Rapa",13.3915873015873,13.5604166666667,2.02329875709769,42,1.42242706565141,0.219485261306761
"142","EtOH",8.49807692307692,7.72083333333333,3.83943643162393,26,1.95944799155883,0.384279367108795
"142","Rapa",8.50568181818182,8.59583333333333,0.783282978595479,22,0.885032755662455,0.188689617505415
"149","EtOH",10.7613945578231,9.625,3.20694285188302,98,1.79079391664229,0.180897503166483
"149","Rapa",12.4052904040404,11.5833333333333,4.82806173630437,99,2.1972850830751,0.220835459939546
"153","EtOH",10.7253875968992,10.625,2.5797195882552,43,1.60615054968555,0.244935662565974
"153","Rapa",10.6781400966184,10.625,1.13786172681633,69,1.06670601705265,0.128416313854606
"176","EtOH",10.4327104810997,10.4645833333333,0.630209614162729,97,0.793857426848631,0.08060400940136
"176","Rapa",10.4481505102041,10.4645833333333,1.95293034817557,98,1.39747284344833,0.141166074875195
"177","EtOH",11.7342948717949,11.4645833333333,0.844448525047483,91,0.918938803755442,0.0963309613852209
"177","Rapa",11.7443859649123,11.4645833333333,2.09288961599477,95,1.4466822788694,0.148426470046523
"181","EtOH",8.81713927469136,8.5,2.64384330354206,216,1.62598994570755,0.110634602607756
"181","Rapa",14.3534987745098,12.4354166666667,21.0102508195466,68,4.58369401460728,0.555854546404037
"195","EtOH",9.85934782608696,9.625,5.70524391904895,92,2.38856524278675,0.249025141018387
"195","Rapa",10.2515681003584,9.625,3.41913342164043,93,1.849089890092,0.191741689523979
"208","EtOH",10.0990562678063,10.4583333333333,0.430670235851181,117,0.656254703488806,0.0606707687998284
"208","Rapa",12.4533637152778,12.4354166666667,2.59841569533915,96,1.61196020277771,0.164519999269945
"21","EtOH",8.39690721649485,8.5,0.576509793963583,97,0.759282420423115,0.0770934493829982
"21","Rapa",10.7515625,10.4291666666667,1.35823181652047,96,1.16543202998736,0.118946408473543
"217","EtOH",9.92519379844961,9.58333333333333,1.05273648160815,86,1.02602947404456,0.11063960357469
"217","Rapa",11.2848611111111,11.6666666666667,0.884247990792759,90,0.940344612784461,0.0991210253955996
"228","EtOH",9.92601246105919,9.58333333333333,0.358566182233194,107,0.598803959767463,0.0578885637692238
"228","Rapa",11.3662990196078,10.625,2.66502616300233,102,1.63249078496705,0.161640673966719
"229","EtOH",10.6907525510204,10.4645833333333,1.23160787749915,98,1.10977830105799,0.112104537470256
"229","Rapa",11.9498226950355,11.4645833333333,0.792712128469839,94,0.89034382598513,0.0918319538596405
"235","EtOH",9.17544642857143,9.6375,0.414158019626769,112,0.643551101022109,0.0608098631880824
"235","Rapa",10.0507301223242,9.6375,3.19167718993044,109,1.78652657129147,0.171118210922898
"239","EtOH",8.66014150943396,8.5,1.28802447713886,106,1.1349116605,0.110232365086806
"239","Rapa",9.9039397689769,9.6375,0.591043220572057,101,0.768793353621152,0.0764977978439306
"256","EtOH",9.3364098173516,9.46916666666667,0.713088834057373,73,0.84444587396551,0.0988349138339623
"256","Rapa",13.2870833333333,12.4770833333333,7.09598484241453,27,2.6638289814503,0.512654126505152
"26","EtOH",9.99110082304527,9.6375,3.16933192408265,81,1.78026175718141,0.197806861909046
"26","Rapa",10.3945422535211,10.4583333333333,1.2136435225939,71,1.10165490177001,0.130742383108
"28","EtOH",10.0672715053763,9.625,0.660237845386039,62,0.812550210993782,0.103193979990242
"28","Rapa",10.7377415458937,10.4291666666667,1.19732786154921,69,1.09422477651953,0.131729183188888
"287","EtOH",10.6426470588235,10.4583333333333,0.724098833109633,85,0.850939970332592,0.0922973986702215
"287","Rapa",16.3321908602151,15.7083333333333,5.4221643051822,31,2.32855412330961,0.418220666602715
"301","EtOH",9.81578282828283,9.625,0.729517903392904,66,0.854118202237198,0.105134682985964
"301","Rapa",12.3834401709402,12.5541666666667,1.66250318638477,39,1.28938093144918,0.206466188104441
"303","EtOH",8.11808252427184,7.72083333333333,0.348645681303805,103,0.590462260693946,0.0581799753112822
"303","Rapa",11.641091954023,9.55416666666667,19.6682708627411,58,4.43489242966965,0.582329905056509
"307","EtOH",12.2263020833333,11.4645833333333,2.10530018863515,40,1.45096526100219,0.22941775152738
"307","Rapa",11.8097222222222,11.4645833333333,0.35736255787037,3,0.597798091223425,0.345138888888889
"309","EtOH",11.5293439716312,10.4583333333333,5.56098339116399,94,2.35817374066543,0.24322704984919
"309","Rapa",13.1390899122807,12.0364583333333,12.7558554885066,38,3.57153405254753,0.579379329621172
"31","EtOH",9.25980392156863,8.5,2.50548182189543,51,1.58287138514013,0.221646327618955
"31","Rapa",11.4243181818182,11.5833333333333,1.5703920805275,55,1.25315285601059,0.168975096633552
"310","EtOH",11.284375,11.4645833333333,1.69724472424488,104,1.3027834525526,0.127748427818298
"310","Rapa",12.4136904761905,12.5,2.82331280313051,91,1.68027164563665,0.176140328769469
"313","EtOH",9.64472517730496,9.41666666666667,0.927951549491212,47,0.963302418501694,0.140512099084651
"313","Rapa",13.7797839506173,13.4708333333333,11.0583419520616,27,3.32540853912141,0.639975171742408
"315","EtOH",9.44096385542169,9.58333333333333,0.564644655859209,83,0.751428410335415,0.0824799833956962
"315","Rapa",10.572,10.7208333333333,2.07190053854875,50,1.43940978826349,0.203563284437482
"317","EtOH",8.99160984848485,8.5,0.694458160456307,44,0.833341562899816,0.125630967561229
"317","Rapa",10.9876736111111,10.4645833333333,5.27124091641865,36,2.29591831658242,0.382653052763737
"318","EtOH",10.2567567567568,9.625,0.868364600395851,111,0.931860826731036,0.0884483154620297
"318","Rapa",17.3448701298701,16.5125,14.7591963690595,77,3.84176995264676,0.437810318428941
"319","EtOH",10.1530660377358,9.625,1.97183740141759,106,1.40422127936362,0.136390027626711
"319","Rapa",12.8754166666667,12.5541666666667,1.47687816959735,110,1.21526876434694,0.115871330268353
"32","EtOH",9.92923689138577,9.6375,1.49278965923278,89,1.22179771616777,0.129510298893445
"32","Rapa",11.6761408730159,11.6375,5.56143568071891,84,2.35826963698363,0.257308312395084
"321","EtOH",9.25626076658053,9.41666666666667,1.34382880944624,774,1.15923630440314,0.0416678885006318
"321","Rapa",10.8397836021505,10.4708333333333,2.94781808942732,620,1.71692110751406,0.0689532109877991
"324","EtOH",9.94167124542125,9.41666666666667,0.501537347586827,91,0.708193015771002,0.0742387999905108
"324","Rapa",9.85224673202614,9.41666666666667,1.18920127597931,102,1.09050505545793,0.107976090126532
"332","EtOH",9.01500578703704,8.5,3.36308977158184,72,1.83387288861083,0.216123992561814
"332","Rapa",11.4371729957806,11.5416666666667,1.58143708899077,79,1.2575520223795,0.141485656516423
"335","EtOH",8.24240327380952,8.5,0.321178600419616,112,0.566726212927915,0.0535505936024536
"335","Rapa",12.3944240196078,11.5416666666667,4.07581062725911,34,2.0188636970482,0.34623226763934
"336","EtOH",9.09412760416667,8.5,2.21440179518711,64,1.48808662220555,0.186010827775693
"336","Rapa",10.1918300653595,10.4645833333333,0.461406917211329,51,0.679269399584089,0.0951167411927265
"348","EtOH",8.76111952861953,8.5125,0.88087559398549,99,0.938549729095635,0.0943277969242402
"348","Rapa",15.6973113207547,15.4583333333333,7.12044484218775,53,2.66841616735242,0.366535149597327
"350","EtOH",8.98328787878788,8.5,0.401366908903853,55,0.6335352467731,0.0854258752480081
"350","Rapa",10.9406976744186,10.5416666666667,1.06160765311616,43,1.0303434636645,0.15712590516038
"355","EtOH",9.01211974110032,8.5,0.322227584105379,103,0.567650935087205,0.0559323086118762
"355","Rapa",14.0993333333333,10.5416666666667,26.5840500431034,30,5.15597226942731,0.941347439278815
"356","EtOH",9.07776340996169,9.46916666666667,0.680615096555808,87,0.824993997890777,0.0884486406304647
"356","Rapa",10.8252205882353,10.5416666666667,1.54396672092967,68,1.24256457414883,0.150683087819596
"358","EtOH",9.50673449612403,9.58333333333333,3.52814876168491,86,1.87833670082999,0.202546255460296
"358","Rapa",11.8965020576132,11.5416666666667,1.62742771562071,81,1.27570675142084,0.141745194602316
"359","EtOH",10.5924724842767,10.4645833333333,0.372449369275357,106,0.610286301071355,0.0592762456220916
"359","Rapa",10.7539772727273,10.4645833333333,0.556151953205525,99,0.745755960891715,0.0749512941651143
"360","EtOH",9.03593253968254,8.6375,0.512759647181523,105,0.71607237565872,0.0698815083641774
"360","Rapa",9.56725628930818,9.58333333333333,0.336116877870121,106,0.579755877822831,0.0563108687747841
"361","EtOH",10.1426779935275,10.7083333333333,0.852521434510968,103,0.923320872996472,0.0909775089303639
"361","Rapa",11.1381485849057,10.7083333333333,0.650390489683164,106,0.806467909890507,0.0783310879321462
"362","EtOH",9.384132996633,9.58333333333333,1.48157832935363,99,1.21720102257336,0.122333305645841
"362","Rapa",11.7645833333333,11.5416666666667,1.61683892934196,104,1.27154981394437,0.124685717573223
"365","EtOH",9.15364316239316,8.5,2.85573273513484,117,1.68989133826256,0.156230509488926
"365","Rapa",10.9269682539683,10.5416666666667,4.4907330612154,105,2.11913497947049,0.206806398105304
"370","EtOH",9.39743859649123,9.41666666666667,2.03479119004293,95,1.4264610720391,0.146351818000429
"370","Rapa",13.1047306910569,12.5570833333333,8.76630695889897,82,2.96079498765095,0.32696510888105
"371","EtOH",9.58547734627832,9.41666666666667,1.28076852331075,103,1.13171044146052,0.111510743237528
"371","Rapa",9.72255892255892,9.41666666666667,0.461241854485902,99,0.679147888523481,0.0682569310119546
"374","EtOH",9.36401864035088,9.41666666666667,0.649821364370127,76,0.806114982102508,0.0924677301015508
"374","Rapa",10.260119047619,10.4645833333333,0.473801575349016,84,0.688332459897843,0.0751032285899291
"375","EtOH",8.47649456521739,8.47083333333333,0.377530746917636,92,0.614435307349468,0.0640593090439765
"375","Rapa",8.77427370030581,8.47083333333333,1.68488228010439,109,1.29803015377317,0.124328740029359
"377","EtOH",9.63643867924528,9.58333333333333,2.28259341991211,53,1.51082541013583,0.207527830364268
"377","Rapa",10.1810729166667,9.11041666666667,9.2171713487135,40,3.03597947106259,0.480030502903552
"379","EtOH",8.51041666666667,8.6375,1.58075052083333,51,1.25727901471127,0.176054276436655
"379","Rapa",9.57683531746032,9.58333333333333,2.18635166886453,42,1.47863168803611,0.228157822824075
"38","EtOH",8.82638888888889,8.58333333333333,1.18359727868112,42,1.08793257083384,0.167871640212532
"38","Rapa",9.79705284552846,9.58333333333333,2.05887173949864,41,1.43487690743793,0.224090124481671
"380","EtOH",8.2718125,8.47083333333333,0.374308488969557,100,0.611807558771185,0.0611807558771185
"380","Rapa",9.53600187265918,9.67916666666667,2.77374092376539,89,1.66545517014581,0.176537894960019
"382","EtOH",9.28661111111111,9.58333333333333,0.643026601601602,75,0.801889394867897,0.0925942115974573
"382","Rapa",13.5584490740741,13.6375,2.30807657092245,72,1.51923552187357,0.17904362328938
"383","EtOH",9.25031362007168,8.6375,1.90767671971586,93,1.38118670704429,0.143222389660872
"383","Rapa",8.84309764309764,8.6375,0.499922463724547,99,0.707051952634704,0.0710613949750743
"385","EtOH",9.64051870748299,9.58333333333333,0.494912578970592,98,0.703500233809905,0.0710642551276151
"385","Rapa",11.7846117424242,11.5416666666667,2.09422388168684,88,1.44714335215515,0.154265999674369
"386","EtOH",8.92053571428571,8.6375,0.527749379960318,91,0.726463612275466,0.0761540789178601
"386","Rapa",9.33273514851485,8.6375,1.95112537644389,101,1.3968268956617,0.138989470946896
"390","EtOH",9.64869402985075,9.58333333333333,2.48522475218604,67,1.5764595624963,0.192595188800358
"390","Rapa",11.9203993055556,11.5416666666667,1.66127751151251,48,1.28890554794078,0.186037491265902
"391","EtOH",9.16714743589744,8.6375,1.95043471035138,91,1.39657964697735,0.14640132672008
"391","Rapa",11.8501488095238,11.5125,1.63619994588745,56,1.27914031516775,0.170932314605991
"395","EtOH",8.71892361111111,8.6375,0.610137396442495,96,0.781112921697302,0.0797220037355392
"395","Rapa",9.98696705426357,9.58333333333333,1.34022295609135,86,1.15767998863734,0.124835843656889
"397","EtOH",10.522619047619,10.4645833333333,0.963883716850562,42,0.981775797649627,0.151491294489042
"397","Rapa",10.7407142857143,10.4645833333333,0.647594552404296,35,0.8047325968322,0.136024635626292
"399","EtOH",9.87074915824916,9.41666666666667,0.778573901572414,99,0.882368348011426,0.0886813556739284
"399","Rapa",11.820297029703,11.4645833333333,2.56727401505776,101,1.60227151727095,0.159431974849878
"40","EtOH",8.3661231884058,8.59583333333333,0.560550623993559,46,0.748699288094732,0.110389687608466
"40","Rapa",8.87044871794872,8.59583333333333,0.540421399238782,65,0.735133592783504,0.0911821000685131
"405","EtOH",9.06972891566265,8.625,0.435840567554772,83,0.660182222992086,0.072464413165075
"405","Rapa",13.2681481481481,12.5833333333333,9.1450877174523,45,3.02408460818349,0.450803916907274
"41","EtOH",10.5853658536585,10.4291666666667,1.04879554351099,82,1.02410719336942,0.113093720228013
"41","Rapa",14.3764367816092,12.5541666666667,19.2460596684479,58,4.38703312825968,0.576045670909209
"42","EtOH",8.86340579710145,8.59583333333333,2.78401227858293,46,1.66853596862127,0.246012207128327
"42","Rapa",8.56765536723164,7.72083333333333,3.46408904393142,59,1.86120634104105,0.242308426650739
"426","EtOH",9.7614406779661,9.58333333333333,3.07908620283785,59,1.75473251603709,0.228446715325509
"426","Rapa",11.4366319444444,11.5416666666667,0.667027894749803,48,0.816717757092255,0.11788305422729
"427","EtOH",8.91035539215686,8.6375,0.785105580985489,102,0.886061838127277,0.0877331951947119
"427","Rapa",12.3450757575758,10.5958333333333,8.64980501977007,77,2.94105508615022,0.335164333017229
"437","EtOH",9.28717447916667,9.67916666666667,0.839465581882767,96,0.916223543619551,0.0935116738413561
"437","Rapa",10.0568055555556,9.67916666666667,0.489476611267166,90,0.699626051020948,0.0737470610538455
"440","EtOH",9.37434309309309,8.6375,1.22967053203772,111,1.10890510506432,0.105252614700257
"440","Rapa",9.91447463768116,9.58333333333333,2.07280753864205,115,1.43972481351196,0.134255031114279
"441","EtOH",6.9070162835249,6.43541666666667,1.21405504228667,87,1.10184165935341,0.118129825439926
"441","Rapa",6.83631272401434,6.43541666666667,0.926673969452885,93,0.962639064994188,0.0998210209859436
"443","EtOH",10.1796875,9.58333333333333,3.56186356371252,64,1.88729000519595,0.235911250649494
"443","Rapa",14.244417989418,11.5125,30.7979597084436,63,5.54959094965057,0.699182739567152
"45","EtOH",9.26151662348877,9.46916666666667,0.679164212828434,1158,0.824114198899906,0.0242177123840401
"45","Rapa",11.3277967625899,10.7208333333333,4.20711959947066,417,2.05112642210827,0.100444093037215
"461","EtOH",11.0422043010753,10.7208333333333,1.31598627181705,93,1.14716444846284,0.118955411896803
"461","Rapa",14.1874729437229,13.6375,7.09937916820935,77,2.66446601933846,0.303644083520928
"486","EtOH",7.64736328125,7.45833333333333,0.323374289322572,64,0.568660082406504,0.071082510300813
"486","Rapa",7.70303442028986,7.45833333333333,0.616918924869163,46,0.785441866002292,0.115807085169331
"491","EtOH",8.71681726907631,8.625,1.18502771247592,83,1.0885897815412,0.119488251803209
"491","Rapa",13.9161111111111,13.6375,5.12863806216931,15,2.26464965550288,0.584730026717134
"492","EtOH",9.83958333333333,9.67916666666667,0.728423368863049,44,0.853477222228601,0.12866653242032
"492","Rapa",12.0756944444444,11.5125,2.10608550039401,48,1.45123585277997,0.209467852565038
"502","EtOH",10.35,9.58333333333333,1.1411230022831,74,1.06823358975605,0.124179632435975
"502","Rapa",12.4554964539007,12.5833333333333,2.05027257426251,47,1.43187729022515,0.20886076876472
"505","EtOH",9.1525462962963,8.6375,1.08727517361111,81,1.0427248791561,0.115858319906234
"505","Rapa",9.56518817204301,8.6375,2.71746240759409,93,1.64847275003079,0.170938661186136
"508","EtOH",8.34930392156863,8.5,0.420620677861422,85,0.648552756421112,0.0703454231849916
"508","Rapa",10.7541666666667,10.4645833333333,2.4143791754571,80,1.55382726693063,0.17372316970748
"517","EtOH",9.37563492063492,9.58333333333333,0.623788989367114,105,0.789803133297858,0.077076893540036
"517","Rapa",15.2451161202186,14.75,23.7939010250645,61,4.87789924302097,0.62455099970344
"528","EtOH",8.94815476190476,8.47083333333333,9.63830748862045,35,3.10456236668237,0.524766818654328
"528","Rapa",12.5753240740741,10.4708333333333,19.4317870019641,45,4.40815006572645,0.657128213465633
"530","EtOH",9.45833333333333,9.58333333333333,0.440564123376623,78,0.663750045858095,0.0751548933337543
"530","Rapa",11.0552536231884,10.7208333333333,0.430292918797954,69,0.655967162896096,0.0789691665014983
"531","EtOH",8.09592803030303,7.96458333333333,1.54657520884719,44,1.24361376996525,0.187481829958823
"531","Rapa",11.3762586805556,10.4708333333333,5.26078895899515,48,2.29364098302135,0.331058559742934
"535","EtOH",10.9087719298246,10.7208333333333,0.923315408423541,95,0.960893026524566,0.0985855443883791
"535","Rapa",10.8502859477124,10.7208333333333,1.40233197875547,102,1.1842009874829,0.117253369814674
"551","EtOH",9.99229910714286,9.58333333333333,0.470737365434631,112,0.686103028294316,0.064830642379824
"551","Rapa",12.0103316326531,11.5416666666667,3.7805237792067,98,1.94435690633348,0.196409707645043
"555","EtOH",9.12825854700855,8.6375,0.64170844491157,78,0.801067066425509,0.0907029842123187
"555","Rapa",9.30401422764228,9.58333333333333,0.570207238135268,82,0.755120677862332,0.0833891288270099
"559","EtOH",9.87780172413793,9.58333333333333,4.60761719537709,58,2.14653609226053,0.281853997279378
"559","Rapa",10.9442176870748,10.7208333333333,4.08120935787509,49,2.02020032617439,0.288600046596341
"566","EtOH",10.1971518987342,9.58333333333333,0.956883255120992,79,0.978204096863733,0.110056559401765
"566","Rapa",11.4142071759259,10.7208333333333,5.81389088497517,72,2.41120112910043,0.284162778198595
"57","EtOH",9.9653233151184,9.625,8.5484428397953,183,2.92377202254131,0.216131447048441
"57","Rapa",16.4492329545455,14.5125,36.0640968533438,132,6.00533902900942,0.522697670694613
"584","EtOH",8.0528125,8.47083333333333,0.502187445198513,100,0.708651850486904,0.0708651850486904
"584","Rapa",9.05745018115942,8.47083333333333,1.53437559463672,92,1.23869915420845,0.129143314166384
"589","EtOH",10.0939791666667,10.4645833333333,0.419038553503788,100,0.647331872769902,0.0647331872769902
"589","Rapa",11.5543170103093,11.4645833333333,0.632435460740621,97,0.795258109509498,0.0807462271781881
"59","EtOH",9.93985148514851,9.6375,0.341768894389439,101,0.584610036168931,0.0581708727758094
"59","Rapa",11.2305555555556,10.4583333333333,6.45616041823073,75,2.54089756153819,0.293397578227468
"595","EtOH",9.15372023809524,9.41666666666667,0.970032151875902,56,0.984902102686304,0.13161307956305
"595","Rapa",11.4130208333333,11.4645833333333,0.730092741523693,52,0.854454645679742,0.118491539906028
"627","EtOH",9.44010942760943,9.58333333333333,0.780964280703864,99,0.883721834461424,0.0888173861803973
"627","Rapa",10.895462962963,10.7208333333333,1.98447044492995,90,1.40871233576268,0.148491318299531
"630","EtOH",10.2279803240741,9.41666666666667,3.72842610846891,72,1.93091328351868,0.227560312776541
"630","Rapa",14.2976142473118,14.39375,2.45821704900589,62,1.56787022709339,0.199119717960679
"634","EtOH",9.83416666666667,9.58333333333333,1.47302250957854,30,1.21368138717645,0.2215868911269
"634","Rapa",11.5666666666667,11.5416666666667,3.81005621693122,22,1.95193652994436,0.416154266464821
"646","EtOH",11.6591621863799,10.4645833333333,11.9979908419936,93,3.46381160601924,0.359180531508857
"646","Rapa",11.137106918239,10.4645833333333,5.50006995469481,53,2.34522279425534,0.322141125604233
"69","EtOH",11.8643081761006,11.4645833333333,0.706143836427592,53,0.840323649808568,0.115427330437126
"69","Rapa",12.0710526315789,11.4645833333333,1.11641937689275,57,1.05660748477983,0.139951080230799
"705","EtOH",8.16196338383838,8.47083333333333,1.04745717289077,66,1.02345355189709,0.125978423651107
"705","Rapa",9.22738575268817,8.47083333333333,3.04169567491664,62,1.74404577775832,0.221494035269453
"712","EtOH",10.0542857142857,9.58333333333333,1.77280191798942,70,1.33146607842236,0.159140634928868
"712","Rapa",10.355505952381,9.58333333333333,1.91921024126267,84,1.38535563710647,0.151154692177956
"716","EtOH",10.0308096590909,10.5416666666667,0.542316588274084,88,0.736421474614968,0.0785027929637831
"716","Rapa",11.2721146953405,11.5416666666667,1.17184127127325,93,1.08251617598687,0.112251698326269
"721","EtOH",8.13388605442177,7.70833333333333,0.531939303320125,98,0.729341691746828,0.0736746365766072
"721","Rapa",11.4425833333333,10.4166666666667,5.48513879993758,90,2.34203731822052,0.246872409689647
"73","EtOH",9.52188596491228,9.625,1.51120640086475,95,1.22931135228824,0.126124683542026
"73","Rapa",12.1875,11.5833333333333,4.34275939542484,86,2.08392883645887,0.224715825593975
"738","EtOH",10.8644650900901,10.0054166666667,7.0631219916299,74,2.65765347470845,0.308945941034164
"738","Rapa",13.4323734177215,12.4770833333333,7.37703575656353,79,2.71606991010238,0.305581739392542
"75","EtOH",9.3567803030303,9.625,0.529976382228246,110,0.727994767995104,0.0694115776449856
"75","Rapa",12.2600440705128,11.5833333333333,2.83401354476223,104,1.68345286383737,0.165076134671546
"761","EtOH",10.953912835249,10.5416666666667,0.601306695560085,87,0.77543967886618,0.0831358599723026
"761","Rapa",11.262931547619,10.5416666666667,2.78447470937049,56,1.66867453668188,0.22298601451062
"765","EtOH",9.22577380952381,9.67916666666667,1.83575787180814,70,1.35490142512588,0.161941694613839
"765","Rapa",9.83993055555556,9.67916666666667,4.84758583791787,78,2.2017233790642,0.249296081765363
"776","EtOH",9.05024216524217,9.46916666666667,0.308003544777647,117,0.554980670634254,0.0513079811503383
"776","Rapa",15.0314166666667,14.4658333333333,8.36221761574074,55,2.89174992275279,0.389923480039604
"783","EtOH",10.5692238562091,10.5416666666667,0.524109254810285,102,0.723953903788276,0.0716821179064333
"783","Rapa",12.640927672956,11.5416666666667,9.40550172704,53,3.06683904485384,0.421262740740982
"790","EtOH",10.157244047619,10.5416666666667,1.44132706971043,70,1.20055281837595,0.143493507553997
"790","Rapa",13.3453311965812,11.5416666666667,21.3217117340962,39,4.61754390711081,0.739398780959583
"796","EtOH",9.64834112149533,9.46916666666667,0.559774089299359,107,0.748180519192634,0.0723293408296649
"796","Rapa",14.5333333333333,14.5333333333333,1.26208912037037,4,1.12342739879815,0.561713699399073
"799","EtOH",9.51971726190476,9.41666666666667,0.625328592848124,56,0.790777208098542,0.105672049356228
"799","Rapa",12.4772756410256,12.5570833333333,1.1825939039305,39,1.08747133476267,0.1741347771515
"804","EtOH",10.1839733676976,9.46916666666667,3.47470500601076,97,1.86405606300099,0.189266217516213
"804","Rapa",10.8841710526316,9.46916666666667,12.7468549626726,95,3.57027379379686,0.366302362345252
"805","EtOH",10.957123655914,10.7083333333333,0.238716157399291,93,0.488585875153274,0.0506639951261536
"805","Rapa",13.8134205426357,13.5125,2.79301800229943,43,1.67123248002767,0.254860563897633
"812","EtOH",9.28687169312169,9.46916666666667,0.781039913043323,63,0.883764625363181,0.111343876963197
"812","Rapa",10.100988700565,10.5416666666667,0.994994276211117,59,0.997493998082754,0.129862657320302
"818","EtOH",11.1378521126761,10.7083333333333,1.71075694269785,71,1.30795907531461,0.155226184025157
"818","Rapa",13.92625,14.5833333333333,5.51788900862069,30,2.34901873313533,0.428870182713475
"819","EtOH",8.56010784313725,8.5,0.210055899276377,85,0.458318556548147,0.0497116271493876
"819","Rapa",12.2815880503145,11.5416666666667,8.01928538365788,53,2.83183427898913,0.388982353571176
"822","EtOH",8.96820482866044,8.5,0.503102015891034,107,0.709296846102557,0.0685703142692348
"822","Rapa",13.7241421568627,13.4708333333333,2.57476044730392,51,1.60460600999246,0.224689783850409
"83","EtOH",9.31666666666667,9.55416666666667,0.657539141414141,166,0.810887872282069,0.0629371048360618
"83","Rapa",10.8704377637131,10.625,3.50260544673892,158,1.87152489877611,0.148890526573758
"843","EtOH",9.2641173245614,9.46916666666667,0.688870407255117,76,0.829982172853801,0.0952054846423691
"843","Rapa",14.2646162280702,13.5604166666667,5.74166741161392,38,2.396177666955,0.388711346415235
"85","EtOH",10.8425724637681,9.625,5.84090832800512,69,2.41679712181331,0.290948183244727
"85","Rapa",13.299158496732,12.5541666666667,11.4409993089597,51,3.38245462777547,0.473638385040237
"850","EtOH",9.59775,9.5125,1.56339300595238,50,1.25035715135812,0.176827204126084
"850","Rapa",11.2248427672956,11.5541666666667,0.298939945422109,53,0.54675400814453,0.0751024388999388
"853","EtOH",10.1405984848485,10.5416666666667,0.309788011363636,110,0.556586032310941,0.0530683959505121
"853","Rapa",10.8672207446808,10.5416666666667,1.19155436972931,94,1.09158342316532,0.112588233471661
"859","EtOH",8.04159259259259,7.5575,0.390941973227909,90,0.62525352716151,0.0659075086961442
"859","Rapa",11.0926357677903,10.5416666666667,1.48381494939742,89,1.21811943149981,0.129120401498435
"88","EtOH",9.10215053763441,8.59583333333333,0.626629156439926,93,0.791599113465854,0.0820850042255519
"88","Rapa",9.90399305555556,9.55416666666667,5.62870619987285,72,2.37248945200455,0.279600563300996
"890","EtOH",8.68275709219858,8.5125,0.521915546992171,94,0.722437227025415,0.07451371050423
"890","Rapa",9.26508960573477,9.41666666666667,0.724362125790543,93,0.851094663237024,0.0882544053419653
"892","EtOH",9.69623611111111,9.46916666666667,0.498652695189893,60,0.706153450172052,0.0911640184127756
"892","Rapa",10.9869350282486,10.5416666666667,3.84991838339746,59,1.9621208890885,0.255446381763158
"907","EtOH",9.98402777777778,9.5125,0.840396966115052,48,0.916731676181778,0.132318820004552
"907","Rapa",11.9266748366013,11.5541666666667,1.84392847562636,51,1.35791327986229,0.190145892162832
"91","EtOH",8.21660539215686,7.72083333333333,1.47360904971557,136,1.21392299991209,0.104093038478437
"91","Rapa",9.89281746031746,8.59583333333333,12.0924891477157,105,3.47742564948781,0.339361994500825
"911","EtOH",9.58482905982906,9.41666666666667,0.653478421796714,117,0.808380122094002,0.0747347687250196
"911","Rapa",13.3530117753623,13.4708333333333,5.09625098864187,92,2.25748776046336,0.235359368807018
"913","EtOH",9.29655487804878,9.41666666666667,0.377578678192646,82,0.614474310441573,0.0678573358358519
"913","Rapa",11.9409136546185,11.4645833333333,1.28146294655247,83,1.13201720241014,0.124255030518148
"93","EtOH",9.89166666666667,9.625,1.071640917603,90,1.03520090687895,0.109119756720311
"93","Rapa",11.6290458937198,11.5833333333333,1.54918197049351,69,1.24466138788568,0.149839622983535
"Canton-S","EtOH",7.9116155394525,7.67916666666667,0.576968357346138,1035,0.759584331951455,0.023610534726958
"Canton-S","Rapa",9.54837630975769,9.5125,2.26545293895614,1018,1.50514216569603,0.0471741010968811
"W1118","EtOH",8.30165255566008,8.5,0.924957226731012,1063,0.961746966062806,0.0294981101285837
"W1118","Rapa",9.1658535278602,9.41666666666667,1.16702561651284,1011,1.08028959844703,0.0339754029912851
