Sample Name,062618QPJ1,062618QPJ2,062618QPJ3,062618QPJ4,062618QPJ5,062618QPJ6,062618QPJ7,062618QPJ8,062618QPJ9,062618QPJ10,062618QPJ11,062618QPJ12,062618QPJ13,062618QPJ14,062618QPJ15,062618QPJ16,062618QPJ17,062618QPJ18,062618QPJ19,062618QPJ20,062618QPJ21,062618QPJ22,062618QPJ23,062618QPJ24,062618QPJ25
Time,0,0,0,0,0,2,2,2,2,2,4,4,4,4,4,6,6,6,6,6,8,8,8,8,8
glyoxylate,469374.5489,418214.8939,488128.5297,435168.0492,355166.7137,29560.80963,312148.5044,282065.8511,211702.979,33734.04825,20110.75035,33990.66467,278799.4045,254673.3489,332797.9728,260064.5694,253850.5742,19186.43687,225068.5325,23194.17679,239626.9169,313381.3648,318488.5864,29077.83474,290425.6177
glycolate,230027.6937,32996.67544,225278.6913,217193.2847,205416.8459,251688.8769,231209.0194,170117.3101,168590.6928,223445.2258,173620.4726,220260.9786,10074.15659,224935.7457,190813.8411,178479.905,21685.29115,48791.76617,48947.35056,23813.52436,192909.6762,155953.0727,147505.9153,215270.3425,22521.5898
pyruvate,173890.2871,152388.47,75355.3178,114685.3236,114630.0498,65114.51832,N/A,66930.2155,94363.84307,42622.69805,N/A,23634.57431,29867.11733,57101.65771,65020.89814,58494.24707,48882.11124,64557.01385,67238.5357,68165.32536,32860.76712,78225.78834,76193.6751,44366.6965,66697.30171
lactate,75854869.08,76501358.78,58536824.59,62249616.13,74794926.55,35771480.63,28513078.07,68136017.18,100951231.9,79327269.96,19100621.06,26570845.01,20161280.92,25874224.57,31953801.67,76184732.58,25675030.49,53283844.05,64004188.86,51200410.16,42320115.09,40971617.52,32993493.22,61909116.18,24361230.85
2-oxobutanoate,1383120.24,1306224.973,1243081.305,1396501.948,1115271.714,1959074.802,1507734.703,2561985.799,3351267.443,2273192.458,1616872.71,2543562.796,1690531.212,1931787.942,3272869.145,4022505.313,1951276.298,2383331.12,2187480.568,2783718.343,2804465.476,2035581.718,2176464.683,2179960.064,2615093.777
acetoacetate,1242742.619,1054483.204,1154784.47,1257138.686,1110636.044,1876513.343,1618358.879,2423702.239,3286106.721,2162989.069,1450218.781,2277608.824,1705276.34,1866645.693,3293400.846,3887995.888,1911988.44,2520788.231,1922035.215,2802272.033,2563665.118,2008212.214,1975162.346,1965946.895,2516616.255
glycerate,1366833.711,1270329.083,1295107.42,1174529.21,1103227.589,813336.703,809177.3212,662979.9487,762217.3431,709681.7816,654832.2627,635101.8364,580463.6192,829208.8625,643496.7665,567871.8615,573677.5381,628370.6477,717832.3596,692614.7233,607746.1438,545877.8567,624137.9381,613708.8341,640111.8653
uracil,8786009.449,6793972.488,6136369.061,5455760.503,6413259.184,2911018.797,3583761.198,7481904.068,10402599.99,5240343.815,2046220.614,2135457.277,1963458.454,2682622.261,4051990.712,3758274.954,1078473.41,1794982.911,1130473.16,2281893.73,2356868.67,1343366.328,1040394.761,1148163.902,1684624.445
fumarate,23097535.45,23546655.96,24728495.38,23563299.71,23636202.01,16714758.46,13921046.74,14783869.82,14443650.23,12339045.07,13341742.65,14671801.99,13922003.53,15207837.36,15520630.07,19734021,16270239.68,16631894.97,16190944.83,14333557.68,16793401.91,16009159.45,16029214.07,16905117.89,17156512.22
Maleic acid,22143626.57,22895312.51,21953913.46,22096262.43,25670179.37,17433575.49,13086096.99,15774198.68,13520712.85,11175275.85,15175369.01,14740608.61,13304774.83,14960462.49,16756168.67,20021362.86,14666093.91,16513486.04,15045728.04,14066051.89,16672544.57,16331172.73,16685143.55,15690966.06,14986334.09
2-keto-isovalerate,22347083.11,20811807.04,20944552.01,21572401.29,23081338.13,15733715.47,14069404.05,14370893.61,13422137.02,11988138.92,14500530.61,13724584.16,12880400.14,13985782.51,14867695.76,18475181.21,15141130.52,16392626.08,14500969.42,13733151.6,16041662.96,14991037.63,16370343.41,16071376.12,14265523.6
Guanidoacetic acid,89280.31233,56270.21062,16900.94702,65413.18962,45001.73964,659633.7427,630852.7946,13437.26796,989959.4947,8018.53372,660415.3707,717375.8859,506426.6781,656734.7162,944898.6411,748367.9224,555123.8523,574561.7218,793713.5712,674230.899,653501.6991,761825.9054,628847.5404,589771.7772,729570.3113
succinate,25518519.76,26584099.43,17599623.25,18280825.57,27303095.47,18405521.68,14908222.86,16645539.91,15576755.05,16637172.9,23472208.72,23918401.3,24817179.83,23737054.81,25065927.34,22372322.62,27711610,24778766.42,28822319.99,24154145.44,29832187.97,32491901.89,33102861.23,26958880.34,27253151.21
Methylmalonic acid,27967239.35,30002920.36,20559797.51,20460483.29,30339277.1,20887982.96,17276592.72,19001893.46,17017446.33,18357113.9,26129641.78,26237963.38,28129889.5,27728792.64,27498388.72,25796745.79,32175487.15,26569179.14,32761081.88,27662777.74,33487508.44,37027501.83,36507771.61,30354030.52,30135298.85
3-S-methylthiopropionate,56491.18055,56560.3633,61625.64718,43914.49563,46471.71125,8202.500901,75053.61044,53041.70586,51064.25723,49828.36527,51055.97926,5041.110158,25261.53064,38836.29891,39656.47666,23658.36184,16862.4032,32944.60882,32915.04282,11114.80403,28712.17513,6278.571551,5075.057508,31938.15543,20329.89557
nicotinate,1485208.262,1481321.67,1506703.114,1582198.155,1395634.275,2017475.146,2109302.389,3028505.905,2099540.191,3010049.658,2096301.405,2335799.114,2742504.666,2212238.355,2030284.482,1974278.433,2367513.913,2481648.524,2813445.226,2014266.089,1735423.078,1782638.1,2533825.15,1753662.022,1902460.851
taurine,38885524.26,40132927.78,27285447.81,30421552.11,29671064.86,30244774.47,29799989.98,25091122.58,27136287.31,31196903.69,31993439.83,34710293.77,25270224.4,29824113.58,24911828.35,26501179,30338912.61,29115016.8,36190822.56,29169121.25,28663469.12,25153151.97,24983184.46,29923498.83,31594642.83
Pyroglutamic acid,895034.6551,955289.0849,1111276.497,808120.7931,223511.4205,238179.5961,272420.1968,278713.9662,1514559.446,199214.2382,267524.9067,255303.3634,237885.4773,283602.3913,229371.758,1609006.988,1266807.515,1564497.287,2025022.953,1665519.446,202007.5853,2027981.041,185491.4822,1734819.664,1871860.819
Citraconic acid/itaconic acid,12771050.82,11473555.92,10834910.06,11561965.55,10216677.41,17341754.56,16888173.81,22052359.61,31143855.85,24462289.72,19294661.21,25356504.03,16519381.83,17725479.47,27200731.9,35825039.74,23561085.86,25482163.92,24350166.24,30728838.75,29825637.11,23083428.95,25136783.01,26307183.64,27562809.15
2-ketohaxanoic acid,3001854.565,2283738.648,2453057.096,2549944.616,2224801.948,3279999.435,2479425.523,5869362.583,9709939.756,6379168.198,2380403.886,4384958.937,1883667.093,3076638.622,6968961.513,8235113.667,2204663.258,4439648.584,4230169.819,6981207.454,4523156.027,2789693.56,2874480.812,3641997.422,3997015.962
N-Acetyl-L-alanine,24692.84089,N/A,59667.89227,16028.2629,23839.18934,53028.77206,N/A,73393.07561,58458.3817,40604.05716,38777.67344,65278.12698,38908.40072,N/A,N/A,22877.48207,64673.70947,39528.96889,569756.3525,53539.22531,35783.392,N/A,50444.33372,N/A,6782.547253
oxaloacetate,7118740.513,7152659.8,7015662.202,7580298.14,7318888.376,11018841.8,12443117.37,9846860.778,8177740.239,10112083.92,15782265.9,13295048.53,11883736.85,11223674.36,8607141.777,9818888.9,13317237.63,9410184.402,12399188.93,13822879.58,11374909.13,11326082.89,12346838.65,12930361.27,13668159.29
Hydroxyisocaproic acid,547543.8337,453640.4015,508695.72,403309.6061,528070.7745,298420.6715,382009.837,393866.6698,393725.3637,369037.2787,319836.1387,289082.3485,260925.5609,292227.7495,339636.0152,334575.9524,264487.953,266503.2228,275803.5441,240892.0402,300312.9738,276062.6542,281471.2754,288233.5289,230123.6307
malate,109214191.8,115254892.6,106510596,113779530.8,116119681.4,89525649.32,72832094.4,81577734.6,77327046.06,73226898.98,74950279.32,84668255.2,81220069.25,84059402.26,86151177.2,99827191.51,88346054.55,95497866.27,86535600.9,84588252.25,91843741.04,85338464.27,86686334.63,90104998.55,88652375.17
hypoxanthine,750881.2402,898247.7927,760588.8349,649551.492,859619.0663,859980.0628,1230608.82,1328906.028,2534428.978,1779656.363,667058.3374,1096448.733,707481.9047,1299026.647,1150582.056,1269986.633,445097.0025,645267.5437,439358.4256,764826.3029,1028624.304,426174.228,242691.6091,418693.2239,799284.4597
anthranilate,29119.22454,88049.98028,49756.33815,67003.51591,66020.12568,50432.6276,46106.89414,49210.89307,29422.36519,60486.47111,50697.91594,47767.09586,96516.26723,40163.65443,19031.59551,22342.21358,50715.47475,25508.91886,54420.07434,32401.17473,30912.40785,36109.52543,44480.23605,54605.62074,13058.16144
p-aminobenzoate,82869.68698,51442.70338,81250.08698,50377.51673,33198.12694,63769.48944,64113.64744,33357.10995,55414.39833,55802.9257,44681.64437,45611.67957,38771.0257,30000.90906,27683.81341,20976.74254,46015.89417,52759.53987,43501.45705,18898.55103,56487.45523,47483.37773,77791.69783,43344.47284,14560.98498
p-hydroxybenzoate,1729228.176,2497670.641,2915609.099,2914631.743,2182582.058,4063301.253,3982662.389,3612065.369,2020130.504,3111377.732,3860834.798,3725128.477,3704855.719,1918366.975,2571445.173,3880003.752,4096105.58,4636363.023,4139585.509,3480299.645,3070691.589,4087688.461,3776696.818,5031874.928,3061209.802
acetylphosphate,770107.7901,790593.6023,622623.4371,586953.4652,578912.7937,297392.8234,343895.2499,238775.4384,297640.1462,295125.8553,320730.9115,240359.7088,229735.1286,301236.9312,238591.5568,215012.6731,235033.4134,216100.0492,252091.7229,196510.8463,311193.9323,199580.3484,204449.6827,195357.8047,250197.6617
Carbamoyl phosphate,102258464.1,78265300.86,57857443.01,76314921.15,66679221.61,79952671.3,85814984.19,57456044.31,43902152.62,81378246.65,76614814.47,62379889.51,47289377.07,69824265.92,63825766.04,81734134.74,81556827.6,67791609.54,62138928.53,103175425.7,73209340.61,78889153.2,65630416.16,80827459.24,74465480.65
a-ketoglutarate,8655095.199,9385642.769,10631191.9,8743123.937,8967939.726,12073809.59,11055215.47,12532039.68,11134337.56,11079006.05,12318847.14,11854120.14,11690477.19,13510859.97,12593206.96,14131340.34,10840418.27,11900448.55,11121116.19,10481694.24,11454290.99,10688456.53,11284186.24,11276343.36,10846067.21
Phenylpropiolic acid,18618152.97,20774099.97,25857956.08,19168247.1,21227031.28,28622889.63,27401757.75,29285371.12,24361636.68,24805120.98,27160119.73,26173615.88,27869406.69,28062562.64,28386582.83,27727739.94,23794795.37,25454246.4,22411971.81,22968122.87,25502485.11,22600386.75,25193866.57,27133363.49,23739718.4
2-oxo-4-methylthiobutanoate,14741.39302,N/A,23521.24838,6325.414256,N/A,17064.77779,6536.956486,10140.78919,9340.622895,10135.46247,5574.699458,16468.25752,14053.20803,25319.92432,17942.36268,7697.753457,11034.27374,20673.07817,N/A,13385.65498,19698.16926,7752.249934,18422.48722,6550.314655,10752.86114
2-Hydroxy-2-methylbutanedioic acid,22410112.6,20654383.78,20344302.38,20852824.68,19253298.17,27176269.18,20680525.19,43004689.1,66413597.66,50671342.87,20039618.05,36136738.17,16554175.68,26643374.88,48473193.19,59544398.56,18566003.06,35076855.89,34694575.99,48204107.49,37749652.3,25189955.98,25006474.42,26859249.98,29932087.93
3-methylphenylacetic acid,68461.94125,9180.821374,164736.4159,122074.0574,11021.71363,103243.7891,111450.7232,19822.31296,202889.9092,230652.5163,156049.2216,10826.19383,10269.70763,104501.4706,126447.6517,191546.5315,96620.66998,12548.99731,163633.7303,142018.0393,150432.9578,55672.63027,21991.77506,9128.851423,98758.65734
xanthine,2633238.422,2528183.174,2153878.318,1806275.428,2315348.484,1785940.914,2313220.817,2557311.429,5004855.794,3436967.383,1263856.18,1942613.623,1257693.731,2215170.568,2539753.845,1913025.308,865550.1924,1244257.22,954814.3637,1652821.063,1763405.906,735508.188,817740.5064,845636.2214,1147443.294
Hydroxyphenylacetic acid,192060.5074,197680.1946,240210.5934,226794.9993,234433.6368,177408.6311,223182.1759,239882.6848,285078.2758,230163.172,212500.0172,241691.6207,123127.5792,119518.7065,147878.112,198484.1522,139664.6118,144522.013,262734.0481,185296.1314,114922.0125,107768.3452,135308.1307,160493.1155,150964.033
"2,3-dihydroxybenzoic acid",240998.7125,240947.125,223503.503,353965.0893,190152.9267,302294.496,337548.9335,219717.7514,161400.7945,330025.5001,231567.0844,276028.5972,162956.6771,248661.2413,212419.5961,212271.0507,237470.9292,198028.3791,163055.9358,191721.8995,181320.8274,199276.9794,263713.1787,201553.1308,197271.2263
orotate,558751.3242,540993.2863,312406.5868,454139.8974,394383.7274,804269.588,1015034.279,534347.5973,171567.393,705732.3587,1708078.613,1640854.761,1384619.023,1570331.078,856063.7871,1362085.04,1649160.126,1658009.139,1946103.679,1632577.451,1581391.188,1828329.597,1718715.01,1624566.122,1734372.674
dihydroorotate,989321.8447,500028.374,390681.3311,373397.5659,499245.4692,699320.8752,509096.6218,641494.197,531315.756,593228.696,1933407.82,1899255.239,657468.7053,1624498.407,1432271.697,2059234.783,758847.3245,622600.152,738105.0913,644107.7037,1526486.232,1688374.792,612408.9403,695795.6357,2095368.871
allantoin,3980562.867,3390307.619,5006739.053,4779976.541,3349819.407,8216909.107,10397478.53,7603311.758,9230559.835,8672142.22,7802801.609,10809028.56,7931893.038,13526098.18,10048765.74,11344792.71,5709012.109,6849992.775,8448549.446,6863167.909,8245141.779,6095958.251,6236928.5,12002410.97,9169915.18
Aminoadipic acid,3208638.352,2534942.219,1833181.324,2117808.532,2281482.363,2273890.529,1911224.322,1786085.396,1979989.816,1871272.173,2019154.317,1310038.087,1656695.948,1586797.521,911407.6201,864676.7932,1122700.927,1170396.405,1328718.959,1114244.824,779211.9071,678816.3953,707596.3858,566355.1868,882823.4134
Indole-3-carboxylic acid,1498194.828,2494774.231,1698199.476,2131918.59,2670282.518,1963945.881,2119356.602,1709808.176,2235858.841,2097624.124,1998924.674,1367887.276,1674351.669,1091052.231,1120386.762,763884.8953,872122.5822,1135657.411,1425911.394,1026726.19,850167.0561,760145.0887,698752.8156,580821.7361,792979.9832
phenylpyruvate,12239.6904,18042.54864,N/A,7634.822502,N/A,3384.290777,4812.09197,18134.83749,9606.949605,11633.83701,7934.19999,6657.584829,6552.036309,7470.647396,6998.105464,N/A,13378.7267,N/A,17033.85286,15351.12098,7603.412717,7188.364889,8366.399189,9859.85849,6769.833844
Atrolactic acid,137406.1918,105568.7827,150543.4253,145643.0997,133622.9135,24947.57609,27853.14757,24946.4819,58853.81458,28515.84576,26060.70789,33410.71074,18802.01754,55031.08813,42009.86538,22903.37846,13439.11746,26122.16094,45977.31563,12315.87665,35918.22798,19060.31121,16260.58657,13724.40189,22407.94031
Phenyllactic acid,1590081.626,1731474.472,1322517.945,1523139.693,1994161.327,157877.6839,200957.7621,296428.6092,599762.114,282074.9199,117876.6864,167017.9487,156171.4429,404310.1153,430715.7351,207635.8996,114703.7919,124555.322,220424.092,100654.3805,259258.2978,92841.46394,94135.04798,119522.1892,233180.7743
quinolinate,2344339.783,1129981.643,1327481.902,2847195.886,982570.559,1987832.31,1511568.35,2085367.929,1043065.212,1609748.895,2495258.743,1511194.18,1816293.728,2791353.399,1230115.286,1444512.498,1617195.179,1735055.557,1639644.717,1433947.25,1225319.679,1292946.546,1232915.657,1533391.319,1395465.083
phosphoenolpyruvate,1972803.163,1937138.897,2346028.317,2022735.827,1975029.746,2124049.908,2677559.314,1830470.378,2212885.682,1390444.545,3235888.08,2543598.435,2396810.717,2618981.464,1795753.936,3287155.888,4368639.946,3629010.808,3688151.483,3285825.862,3601674.726,4622574.173,5587321.173,4096461.643,5289835.658
Uric acid,6053298.441,6647084.202,4496101.566,4249310.644,4596024.278,4108119.455,4273170.618,4344659.428,7494786.817,7018681.553,2762570.519,3414465.884,3548204.864,6312404.249,4032542.343,4426294.366,3164094.151,3447121.203,3862166.377,4638112.398,6351575.032,3944769.861,3127292.468,3249475.192,5109975.1
dihydroxy-acetone-phosphate,3091339.037,3679390.386,2679551.804,3611236.697,3471391.336,2616475.782,2363325.297,1823478.345,1874407.433,1882061.385,2543843.363,2578372.492,3293175.368,2264215.35,1650808.893,2412287.331,3737152.101,2919098.765,2510118.507,2136368.645,2251450.561,2163970.86,2499854.342,3028440.151,2395379.709
D-glyceraldehdye-3-phosphate,2894284.182,3208900.289,2708725.373,3078566.293,3241631.799,2534990.756,2372163.539,1588500.857,1711112.98,1536604.922,2213355.304,2407017.504,2997466.048,2074856.775,1622287.852,2235387.152,3541818.248,2735587.146,2236113.44,2082382.992,2118232.781,2023163.833,2412008.712,2847027.484,2245463.3
sn-glycerol-3-phosphate,95913041.27,96375444.77,78209476.51,81091521.71,88087844.84,73390794.29,63995487.11,61458816.28,81585421.87,70383920.74,61721851.15,62955382.46,57519216.93,71099122.89,62444760.87,62410807.99,56314780.29,69342136.01,83222938.54,54521211.65,55702199.05,43979831.15,47391359.01,53165665.73,55929789.37
shikimate,N/A,N/A,N/A,N/A,N/A,N/A,N/A,N/A,N/A,N/A,N/A,N/A,N/A,N/A,N/A,N/A,N/A,N/A,N/A,N/A,N/A,N/A,N/A,N/A,N/A
aconitate,4865402.425,4728736.635,3255847.031,4353637.993,5087448.133,7596664.49,9995951.267,6033530.536,4491769.111,6817846.603,13422799.51,13277433.14,10370725.84,10505443.81,7463185.921,11668340.61,16712916.46,15222128.52,13588572,13303946.97,16700030.36,13704711.3,22279676.2,19285286.48,20963217.17
allantoate,365747.4904,221732.1103,168423.8439,212374.55,178944.9843,191573.2694,157250.0585,175048.0796,347485.1483,195528.4934,111870.5985,115593.6954,65830.09393,159143.0163,166638.5101,74233.16674,99073.66753,81728.67187,96580.42001,55491.22251,68701.41474,53926.04899,69248.76471,54444.53991,110577.0957
Ascorbic acid,24489731.21,12867463.38,2211795.074,9837240.132,5144516.885,7127087.381,14626158.47,2799244.129,9570858.104,11700982.88,6728464.427,7173460.805,4105519.355,11873561.78,3748944.997,4062792.735,3288258.33,3915486.296,334796.8832,6470600.111,2610478.434,1391723.944,995505.422,607228.5568,2829972.813
2-Isopropylmalic acid,51204751.41,25440362.68,5250639.532,15777869.75,13627739.66,14256381.5,32516960.33,5826812.218,14438106.57,21268780.37,15878333.76,12404128.41,8811044.843,25435269.15,7099872.96,7027289.962,6470767.1,8276478.189,1148530.117,15929353.13,5796358.619,3369787.357,2186613.055,1153905.373,6229927.618
N-carbamoyl-L-aspartate-nega,256797.8568,266059.1619,115374.4294,184934.3783,143977.5106,189202.2352,169919.5856,189115.2898,333272.8441,199107.0083,101514.6849,87936.49977,67609.61733,134067.8583,158579.3503,53631.38421,49418.92116,108048.2033,80701.6771,108351.8966,80174.17668,64663.46275,67966.8507,48974.3429,100222.1367
Pyrophosphate,1274688.3,1226721.636,951877.8674,856005.852,857898.2266,1458360.012,1017143.534,961577.5564,1155244.001,764712.3981,754922.4024,933160.7998,712301.9865,1043731.985,811274.1859,1822050.835,972616.9561,962039.3236,1168493.363,909484.5616,1102112.495,1042166.813,1257020.647,1478979.542,1250910.75
glucono-?-lactone,191371.7138,284876.9816,237455.6582,160162.6918,110765.7913,88794.77173,110911.8447,66031.9501,68221.53053,47963.18018,60079.79452,32273.35404,37451.17124,90411.55759,43005.81222,33689.88377,54669.86014,34115.39181,58722.77941,49437.91547,12142.19512,29257.98694,24309.2717,25214.5658,33250.81124
myo-inositol,6037408.665,5918561.369,5995801.082,4568921.831,4932411.261,2646852.857,3085673.985,2300012.115,2430329.455,3030861.752,1955670.624,1781743.289,1688846.003,2037604.242,1827362.82,1319681.703,1651931.704,1311554.757,1758208.548,1174463.345,1480912.822,881263.3915,1001717.818,1126688.564,1536241.816
hydroxyphenylpyruvate,164575.3336,153210.3426,187487.3178,158102.6909,255407.0083,35313.50287,44736.30931,49884.81081,109735.5068,62377.36274,27221.78856,17419.72758,43568.66767,51579.38856,43653.33741,27508.46015,22481.98482,37441.73602,23584.75452,13892.78101,30424.74712,36695.65518,34582.75395,23117.63197,20960.98782
homocysteic acid,173685.0979,199796.4874,110621.2893,131856.118,172036.5282,131356.4292,120342.9963,103448.817,112823.3557,154938.8816,138257.3574,108526.1658,93255.82595,149947.7012,66432.3178,84333.85075,87498.12492,68889.49867,114225.457,94527.49448,80372.25125,65208.40932,64271.11899,63977.58577,83638.35262
4-Pyridoxic acid,178120.4121,211150.7076,359806.4643,168756.3243,138358.2054,413658.8537,316893.8572,143732.992,211765.3226,119073.4017,134633.2161,142683.591,204302.1135,N/A,122379.372,108289.9379,119424.9308,100735.8177,123283.1213,156586.7113,266866.0028,153201.108,89175.12824,118989.9513,236100.5991
3-phosphoglycerate,6554872.665,6808903.108,6029043.621,6904321.479,5921719.656,6725256.529,6189946.003,5587058.957,5976707.214,4086057.13,7714765.308,6777416.601,7750564.646,7149304.751,6390660.96,8821059.011,10254095.74,9522507.529,8554458.644,8664254.903,10413405.78,12471889.61,13577124.7,12472416.39,12059367.82
Indoleacrylic acid,57243.28978,96131.39332,375046.6697,62797.31688,480120.0693,N/A,330016.8223,300465.5271,9188.524539,250107.8917,64600.11832,271861.9959,245891.4796,247281.7915,303241.521,220561.9344,253827.7769,185635.7569,293870.0149,89316.47483,248199.4238,19054.35265,214495.7255,101064.3681,349025.5188
Kynurenic acid,530015.4962,565939.0166,395903.4379,418908.4271,413996.1317,304913.8664,398931.9223,215073.2985,215432.2476,158159.4034,263031.4884,161992.1716,224162.2053,190407.8385,122312.9233,167247.2164,226330.5325,206707.048,242824.0967,212379.3063,179273.5376,221024.5025,237006.3906,302558.9754,259249.152
citrate-isocitrate,104342783.7,112053028.4,93515585.61,122558298,98251905.67,163453323.8,189976884.5,170416828.1,132834244.5,194337033.6,269995894.6,263491702.4,236022029.9,250070627.5,238534227.5,275289788.8,295988666.3,268279809.9,260277309.8,265445054.4,279142640.7,275794923.9,284370958.3,270573846.8,291398925.2
isocitrate,1028591.187,834992.5331,460715.273,647656.9447,818426.4151,1218837.849,1568886.501,876297.1482,799508.0165,976251.1433,2089201.975,1661136.829,1764134.847,1554684.261,1245828.163,1675475.926,2395737.824,2297334.983,2135585.97,2073286.516,2399388.245,2180244.416,2774176.024,2178518.798,2332803.473
citrate,58383695.74,56310089.49,35351363.32,49486472.7,44545062.87,95361697.1,103816990.3,78855009.43,67688625.03,97175106.86,142732163.6,144001421.3,127503963,132046617.9,132886295.9,134798899.6,164174708,142565696,135978541,146875238.2,152641536.4,161818094.4,168551275.6,161602485.8,159138258.4
2-dehydro-D-gluconate,297103.5776,358345.9268,509026.139,254710.0654,310759.1083,110664.6541,126552.7137,89071.85367,104593.966,138556.655,118803.6952,96651.47563,122493.0843,121144.5552,115234.1012,93137.07842,125833.8817,100545.131,119919.0606,103639.7307,114871.2027,80838.78183,77997.24195,92305.29441,136669.4465
D-gluconate,11641562.26,22124250.8,15634988.41,10136966.67,8053723.475,6715709.716,7209507.792,3740825.094,4529442.004,4108194.603,4115348.471,3523652.576,4193642.767,6151628.894,2508583.006,1985058.078,3145584.393,2818668.775,2997360.345,3437670.439,1531449.01,1659181.328,1739447.264,1598081.626,1962184.134
D-erythrose-4-phosphate,2031247.192,2178209.449,2021939.451,1908897.156,1915765.071,1628164.095,1454054.164,1607471.627,1970001.542,1571728.98,1316107.016,1289652.673,1140782.843,1620435.794,1433030.806,1366180.512,1191943.731,1032692.988,1195452.057,1209514.652,1288088.048,1049929.377,1020536.575,1037778.468,1111769.131
Xanthurenic acid,1235348.207,1367136.413,1629924.222,1173564.621,1467338.917,724034.3652,727654.689,876091.6204,975864.0847,832793.2901,589642.8134,821185.9345,768602.4833,1113471.59,1084178.648,786594.9952,908675.6394,494173.999,843853.4737,480782.7664,896958.4081,676620.4824,570205.2383,559412.4995,720523.3932
lipoate,5003.192041,N/A,N/A,N/A,N/A,N/A,N/A,N/A,N/A,N/A,N/A,N/A,9291.333122,N/A,3345.990005,N/A,N/A,N/A,N/A,N/A,N/A,N/A,N/A,N/A,N/A
D-glucarate,186896.7369,193048.7991,125469.5542,132637.6734,92159.43401,124246.9053,134564.9816,60252.72854,68123.51566,95823.86118,106315.0207,95339.17354,108658.2459,156254.9484,73808.06634,66032.39522,119738.9615,93300.29661,102314.5471,135031.643,116513.3139,82506.27574,85136.26977,97224.66338,100220.2553
deoxyribose-phosphate,669672.7341,512122.0783,751598.6737,543248.4837,508303.5577,296072.216,351569.0714,231341.3504,678846.8276,225089.3686,183989.4308,152134.7689,173525.077,355548.8886,173716.4585,121264.2193,128031.976,159836.2534,585191.4742,147867.5699,76819.00812,66638.61715,79536.75226,97830.30648,117509.4106
pantothenate,872943.7118,655281.1861,7255830.799,770866.8979,1154224.571,2419482.477,1402745.61,4990191.067,3455436.282,878817.1405,997926.3038,2433920.749,2158693.808,4501344.165,15134760.13,6245645.687,1845954.375,2697496.03,1741150.327,1660958.193,9276986.697,7390113.541,6473740.405,11451107.8,3747006.92
prephenate,10157.75134,N/A,4221.09953,4200.205179,N/A,N/A,N/A,N/A,N/A,N/A,N/A,N/A,N/A,N/A,N/A,N/A,N/A,N/A,N/A,N/A,4221.266906,N/A,N/A,N/A,N/A
deoxyuridine,N/A,N/A,N/A,N/A,N/A,5613.044429,16768.92426,N/A,N/A,N/A,N/A,N/A,N/A,N/A,5481.739006,N/A,N/A,N/A,N/A,N/A,4979.634479,6200.555895,N/A,N/A,8509.586651
ribose-phosphate,10355961.88,9708390.433,7959613.006,8314882.903,7589843.582,3593776.87,3713552.455,3127159.367,4369344.244,2679087.322,2071657.854,2226640.428,2149953.207,2333964.2,2322125.899,2144370.369,2118437.856,1855093.978,1926593.19,1927848.721,2003983.038,1399009.179,1674532.209,1445544.393,1436276.178
thymidine,13489.4401,4700.030983,26419.36613,N/A,2539.574784,N/A,3553.018112,5066.478413,N/A,9652.096506,7246.288678,9285.889168,73484.3304,22374.85959,16629.27528,20579.82815,32220.61384,74867.36017,20245.06452,11187.13137,29546.96959,33827.37179,N/A,23855.43098,40601.40836
uridine,5273740.765,5487622.514,3591869.524,3502775.681,5449005.927,1482650.748,2099780.951,2249861.281,3201917.834,2672860.355,1299549.016,1332270.325,1472851.374,1724894.905,2098810.763,1425802.001,1230909.996,1253115.685,927685.6983,1334187.847,2053990.287,1586514.594,1201167.075,866041.5995,1453115.374
deoxyinosine,667619.9417,619725.9012,45448.13165,55242.49537,73727.21854,38808.36005,294990.993,102486.0515,154844.9001,196640.698,124790.8641,89729.54225,80984.14773,102596.3485,94166.29435,41309.53378,64034.97103,72350.51542,60486.41147,65780.14343,43414.76081,25602.96399,41945.43354,36037.77856,64439.00095
shikimate-3-phosphate,N/A,N/A,N/A,N/A,N/A,N/A,N/A,N/A,N/A,N/A,N/A,N/A,N/A,N/A,N/A,N/A,N/A,N/A,N/A,N/A,N/A,N/A,N/A,N/A,N/A
D-glucono-?-lactone-6-phosphate,44447.94614,70381.4545,82177.26501,57263.04494,39946.71563,6564.467348,14364.14537,40187.83869,21616.38894,24479.16199,24740.32299,22807.1032,6610.330543,12623.2786,30914.77063,24646.3077,8600.286397,19206.35365,6755.749963,9887.589718,29160.65929,N/A,17505.90372,33249.46563,23956.1252
hexose-phosphate,74669610.75,71686317.85,76698057.24,71927697.93,73940197.08,53744546.9,51463930.83,48018658.58,68299644.51,59200487.58,48378735.64,49973759.22,40713730.28,61849489.11,49844252.27,48470137.13,42389011.22,40007694.55,44652827.85,37420433.98,42622898.75,34277176.03,34512152.73,35041663.91,38868272.26
glucose-1-phosphate,2074483.115,1867467.884,1611477.16,1514996.234,1994519.431,1182411.618,1299741.189,1414533.737,1765989.652,1253560.125,1250852.611,1056027.001,980461.4547,1510908.382,1319912.229,549196.3772,475660.3256,997761.0978,1244463.847,1624621.089,987253.7354,423152.9769,1482064.196,440649.4473,966699.3101
glucose-6-phosphate,7412549.009,7057023.176,7013948.106,7367744.025,6067258.12,4821863.406,5133689.838,5930527.027,7021959.058,5784197.575,4635146.948,4490645.977,3538947.061,6736902.379,5634892.747,5803464.234,4157776.953,4137796.152,4589030.408,3565952.066,4540211.191,3974800.205,3903507.45,3701945.453,3916679.079
fructose-6-phosphate,6834758.538,6556015.896,6926780.529,6910640.373,6423332.628,5202499.801,4628952.963,5186204.69,6564060.74,5655132.157,4391636.791,4700504.647,3381971.961,6328267.18,5362522.499,5454463.379,3656812.551,3757009.381,4440693.74,3440974.734,4302817.867,3728501.021,3599852.499,3383164.535,3762786.763
"1,3-diphopshateglycerate",151033.1908,175620.7047,134257.9526,173592.242,211959.529,214433.9943,266976.7959,236083.0743,317781.3058,162606.8684,212733.0707,211050.1595,200865.2168,170217.7554,144325.6043,290091.7178,189406.0029,179665.6983,188234.1419,180162.6867,253008.612,317009.154,287476.797,261578.1149,184439.7179
"2,3-Diphosphoglyceric acid",68307.83889,86606.95546,114043.4923,63979.6232,46036.22123,106023.0286,103115.7884,72330.27472,83733.86794,87059.6867,46265.40431,60397.04803,80115.53798,52163.90403,15302.95675,47112.91124,82025.1118,51717.06332,54468.86381,65909.92214,95085.98934,160489.3368,190016.3609,126334.1603,69363.51015
S-ribosyl-L-homocysteine-nega,23106.78092,17990.50267,10946.16347,26382.92522,19082.04355,5757.345996,N/A,8588.908483,17431.77914,N/A,12686.22714,17277.98355,N/A,4750.291003,15491.04578,15566.22885,4632.911689,15326.76729,N/A,8095.184518,N/A,11828.58725,6580.734768,4687.861716,8994.260724
inosine,42016448.57,48369142.23,36593775.07,31057957.28,48462164.39,27425471.19,38205853.87,42716291.28,68789742.02,51753607.47,20525294,25263120.18,20166200.54,23276931.43,32239772.41,26522626.09,13308360.42,15605805.39,11589187.94,19387293.3,26904841.35,14182111.77,9477863.339,9723895.18,18692644.22
6-phospho-D-gluconate,337290.0635,354551.1314,488929.5973,333554.6479,293987.3602,159387.9725,146513.2429,162038.9375,302440.6431,87731.14794,92297.47934,78401.47796,119785.2494,123595.7899,128157.7381,103618.8946,66011.58469,69311.69221,84415.60316,88336.63086,101938.4372,71902.19105,75741.75235,70959.22096,64765.04298
xanthosine,723485.3452,740508.1552,499969.1214,504141.7495,701546.8574,195707.1515,248387.4769,514085.8398,253860.6387,562622.8951,170194.3329,134513.6689,209386.9232,371839.1468,302132.7863,339602.9698,92599.0831,159633.1305,161686.8082,346890.1153,429684.8962,206389.2763,73286.49969,118090.2671,279673.1606
D-sedoheptulose-1-7-phosphate,26719097.9,32514526.32,30425666.73,25861305.19,27278931.25,17846914.82,15580144,13396962.47,19832787.43,16200611.15,11237933.85,9129021.51,7856885.667,10807193.87,11899844.18,8854133.815,8364339.27,7139442.995,7252639.492,6728333.115,6395890.939,4801849.236,5370196.398,5637200.161,5525822.382
N-acetyl-glucosamine-1-phosphate,11607362.12,12688789.17,8095952.347,9017084.877,10993523.43,10323001.66,11820360.55,8371735.048,9630749.817,9012494.622,9246891.582,8369469.987,6937714.972,10021910.44,7101328.01,7678148.474,7925510.613,8397786.577,8956774.114,7951273.407,6645450.047,7343425.589,7981565.145,8181077.05,7646213.464
glutathione-nega,13679711.49,11040316.05,8562908.05,6888900.311,7188163.072,7282579.491,10876653.37,6847897.819,5435524.142,4182362.379,3382881.531,4939546.993,6072539.329,4504493.302,3724510.61,4959607.205,2586776.565,4056481.194,1789210.378,3678151.484,2994337.673,3065473.099,2910707.212,2780629.663,1962704.425
dUMP-nega,43021.86762,95860.72543,69625.0722,39554.16816,46401.99559,50662.93514,46990.48023,20646.69234,29922.30301,44386.73915,15146.79624,21872.63675,16286.1716,34580.27898,14041.50481,13258.97552,12225.93244,7599.380505,9822.183885,10714.53163,11159.20371,3435.42782,15528.87887,19131.61923,21912.47144
Geranyl-PP,231478.3463,193112.8815,307657.4656,253342.9311,262279.4771,75445.75172,410870.9094,556843.6857,752230.4508,623256.1768,755919.8531,780276.9418,821724.9964,743644.498,620562.7671,783991.0484,719988.2809,788345.5715,697136.1176,1011485.871,908881.2063,986986.3566,834368.8095,827423.0113,1014920.366
O8P-O1P,1720460.192,1833097.543,1949373.581,1976882.797,1690176.634,1522033.028,1399964.553,1334461.044,1627532.716,1208632.225,1144723.344,1188859.593,1024987.271,1153847.968,1135042.661,1101786.177,961190.9991,886135.0982,1078183.061,878670.7083,795010.9673,699784.6285,860653.2483,796942.1569,853285.6126
dTMP-nega,55421.31488,52968.93929,51981.51409,63702.08921,50136.0809,27622.42135,25678.0854,15660.94915,24905.12052,32764.22428,18166.88228,15265.06242,8432.564633,20085.3192,19648.58644,8502.883892,9469.194908,14802.32491,11715.68581,17475.27714,5805.570989,N/A,11257.44363,13413.16959,9081.38691
cyclic-AMP,1252962.959,1269358.862,749136.5174,832935.6009,1051284.459,681201.2675,790868.9106,784869.7679,652925.899,686908.8105,696835.9979,677155.1415,695192.3914,619401.6784,663003.9823,743040.8116,718022.3361,762359.6611,680904.1501,541152.4004,862262.1801,803476.6198,754766.5837,712019.4647,1047812.207
"fructose-1,6-bisphosphate",3439832.784,2962378.52,2784541.318,3016825.751,2531767.483,1737487.154,1052627.467,912199.1792,1084658.816,941452.1021,1048852.639,1046416.382,935932.5301,1087281.5,643761.0431,1021846.361,1040790.603,1039745.652,1125194.447,1072925.422,1091561.92,1082306.99,1299632.09,1206437.95,838456.2057
trehalose-sucrose,44036.62175,75853.86753,72520.09579,61612.69485,70479.19268,77578.5724,49683.70203,68705.27155,77378.31608,100238.2107,123339.7512,121744.014,85709.92968,106397.7879,106839.0206,122178.8245,144765.4625,203723.9068,166762.8663,93210.87963,122099.7259,127199.3856,104390.4105,121591.0396,159524.8306
Cellobiose,9031.251867,5452.652857,8398.351688,N/A,11589.73823,N/A,N/A,8338.435002,11550.60519,4843.008367,3733.572631,27018.70045,N/A,8055.098718,4035.396368,6462.876958,10981.99562,N/A,N/A,5812.590772,N/A,8797.640786,12627.45285,10931.78339,N/A
orotidine-5-phosphate,N/A,N/A,5779.163987,12373.87368,6386.953161,N/A,6712.941747,7415.535004,N/A,6162.827924,11663.22827,7278.701849,N/A,18864.96388,7207.611282,9273.071706,12931.29819,N/A,N/A,13225.50872,6500.369707,8227.096399,26268.90009,N/A,6319.534162
SBP,561379.2508,605890.5993,675298.8491,557298.2255,623700.5097,407624.7696,269972.8671,251838.6652,423072.1007,295443.9059,255847.6266,246699.6356,235486.5827,257856.1819,103801.9905,206028.0772,199667.7591,183871.3978,175143.6256,183968.3483,174328.4099,223450.4934,208699.6753,204474.647,179705.805
"trans, trans-farnesyl diphosphate",157458.7114,170775.0899,141043.7647,125943.7192,155867.0353,110450.3289,119010.3605,135399.5901,109781.2238,122121.3913,97712.70866,86733.24276,115884.5386,115912.7234,81499.91622,91729.01553,108147.6769,99415.95386,110957.6539,83218.35412,88675.40713,112256.6046,118164.2457,78617.4555,92910.91524
S-adenosyl-L-homocysteine-nega,474674.9844,540627.2269,308752.1834,308567.7557,399586.1968,154037.772,180868.8743,131721.1047,147052.2573,163698.0893,119644.5835,169200.5657,177541.0017,273114.6146,200210.8104,173487.0589,168799.6884,82414.55877,102333.7616,85585.93579,163012.4448,148854.5753,68336.66709,93667.95021,106378.329
dCDP-nega,37900.12759,31416.37965,18141.36301,21943.62334,21849.77255,38475.54221,59131.03449,28781.02412,30286.99286,30381.20488,11630.28543,14979.22226,16371.57404,17417.89436,5868.823574,6367.57642,N/A,11548.73136,21765.64152,10033.35599,7001.935646,5799.530254,7359.476435,9017.941911,15657.92906
5-phosphoribosyl-1-pyrophosphate,96018.29994,101096.4369,94618.92502,87191.75155,59870.68785,51229.84484,49480.54807,48965.02995,90543.96841,48866.54296,60281.83347,40847.2032,36850.36041,51157.21237,47984.1189,38297.35487,8457.956385,19052.69368,32843.57121,94782.11366,50503.5788,32669.21917,51570.41486,49773.92212,51369.23961
Deoxycholic acid,N/A,N/A,N/A,N/A,N/A,N/A,N/A,N/A,N/A,N/A,N/A,N/A,N/A,N/A,N/A,N/A,N/A,N/A,N/A,N/A,N/A,N/A,N/A,N/A,N/A
OBP,436951.896,575276.684,572975.7868,711537.9183,545457.2937,286432.9966,260035.1175,175456.2024,283297.2371,221708.6818,104925.7995,94691.43196,73475.68186,124521.1291,269105.1346,62784.57602,232646.6527,217568.8653,97342.98008,207586.2056,282281.0415,245590.1518,195510.293,191449.2586,232907.7197
dTDP-nega,63915.36178,72013.55032,40328.89817,34739.41376,47586.45821,30466.03625,34248.78191,23537.81014,7779.159281,21466.72378,15011.37996,25550.46438,8722.686241,5028.056521,4233.28339,5005.692795,6422.342323,5495.718309,4228.061641,9846.288636,13620.74999,4909.198102,8680.912285,16790.52143,12974.12381
CDP-nega,231775.2664,252283.8372,234635.9233,235164.632,199366.3196,218966.7501,179218.3442,160585.3343,175386.8,186866.1068,125678.4612,134518.2492,163047.928,104585.3413,100234.6687,135979.4029,124827.5759,101352.2448,158380.8041,134160.9708,141104.5604,154038.8108,116501.139,135542.894,192165.5393
UDP-nega,2096287.07,2446519.907,2195897.027,2065667.96,1866316.74,1790526.615,1414512.875,1180208.904,566364.3669,1135116.359,1182952.393,1013778.936,948644.1572,934035.4435,724887.4181,621465.6792,661999.8995,706825.5756,901584.3509,1111830.036,846504.9258,1086702.163,882318.016,836384.77,898407.5625
Cholic acid,6746.668942,7265.660903,9160.716301,12668.09151,N/A,8444.084697,11824.73334,N/A,N/A,11821.87388,7105.537225,7589.708732,5905.31123,4766.471146,9597.727918,N/A,10487.03459,4898.199889,5689.973256,N/A,17713.03742,5548.931572,6728.926422,7029.546717,N/A
trehalose-6-Phosphate,4223968.018,4684518.094,5511854.075,4216832.93,4259443.768,3556697.483,3928404.634,2936233.512,3874176.797,4077903.624,2805054.564,2646414.048,2900568.988,3467766.149,2474281.012,1881382.671,2060296.01,2429115.387,2309843.132,2170308.052,2373204.882,1987816.323,1959431.553,1994097.711,2375814.075
Thiamine pyrophosphate,739334.3298,621313.5753,556038.456,505996.1279,519568.9259,643326.9144,772295.7273,852673.6272,506530.9393,635126.4551,672419.5422,639985.9708,589938.1647,611984.4954,679525.3639,565760.7469,772.8368934,529913.5938,670494.0402,536758.2481,7938.914863,638300.8524,612684.7331,520864.375,6765.753618
adenosine 5-phosphosulfate,100890.4567,97060.99134,112327.166,89833.67451,87253.91116,96078.25318,85843.1105,89477.82571,90366.49215,77593.46843,65874.38999,79426.06641,96280.01965,55278.22729,51656.71956,54715.59122,36304.60393,47921.67579,64998.61044,81144.0993,60785.87007,63662.28006,76013.60799,58249.60231,56475.17667
ADP-nega,8560513.258,8457115.007,8517932.272,7498928.468,7994061.309,7802181.368,6790497.845,6993814.781,6403154.94,6070369.695,5104976.894,5063536.084,4900701.201,5126986.101,4257894.293,3886724.808,3222593.619,3940444.155,4540666.481,5269568.672,4608245.074,5284665.997,4625734.768,4223674.36,3634952.888
dGDP-nega,7989918.752,7509899.309,8431767.84,7258487.205,7611482.77,8397317.592,6732325.331,7414053.4,6893065.128,6100801.131,5191464.773,5052650.156,4572178.285,4745565.543,4060254.053,3545345.659,3102539.913,3883829.35,4084433.101,5181049.425,4715389.227,4685346.263,4564458.753,4591137.879,3910485.946
IDP-nega,1028069.436,1204091.635,1152169.021,935951.5901,1007475.253,1039063.009,888791.795,1060831.23,842853.2815,886450.2302,710542.4454,719544.3168,603395.1691,562161.9379,545689.1044,524071.9739,426281.8478,492229.5654,585452.0176,643939.2091,641237.3918,543215.2686,661652.2623,633490.8979,480703.513
GDP-nega,122302.939,118400.0488,143589.9082,132131.1648,105511.6705,105178.264,112457.3516,108924.6636,131642.3755,104725.0855,94771.27482,81908.06869,65880.9605,63515.3637,43046.61084,55708.86654,59134.23849,54005.3706,65335.4323,103887.6744,53849.18157,80405.07195,82746.00374,66730.46792,52319.32583
CDP-ethanolamine,394264.1759,277363.6433,269083.5959,245147.4177,258945.6607,364514.4581,353346.592,351820.3682,363618.301,355313.996,286115.8186,311513.3212,221853.9822,252368.7905,255669.7793,237328.7926,212014.1213,191369.7067,193454.0744,217132.9967,195826.962,176199.1287,155359.507,207265.6229,205127.5505
FMN,25303.17675,28773.5867,19954.11481,20185.73895,25717.96636,10365.0766,26845.87912,18358.94094,10978.5621,10978.62182,16079.59646,9160.768418,8527.442024,12059.06425,10134.87558,13285.26844,12640.07281,13070.35538,10974.64535,11819.50877,11781.77237,5536.218884,10951.7323,12461.35937,5823.427513
cholesteryl sulfate,598013.9077,469330.9239,544831.1296,639002.6362,382252.2356,423965.9704,400171.2263,464882.7246,383867.4374,605463.7953,343538.3811,322696.7177,360129.7117,415212.6792,274660.3884,493696.1784,990780.187,830153.2101,1171141.701,817381.3386,960432.2584,1681251.474,1547819.888,1353210.653,977562.5162
dCTP-nega,108949.1499,129780.1464,96016.7173,105565.7457,81096.99027,97799.40024,95439.29306,53129.53487,35470.85125,63838.38971,54079.54703,56285.47633,52146.74381,42334.73486,19396.45025,26224.73154,26180.59941,16040.79246,27014.72027,64111.1934,23647.49865,41919.20476,29736.73712,37322.29235,34157.80812
dUTP-nega,32878.60096,18526.00371,27001.1771,27557.98849,24051.55141,16873.42379,26158.3993,8630.68574,22054.33047,10118.38335,8399.672565,7709.480252,8222.508996,N/A,8538.037156,7741.789271,16630.39794,13503.03268,N/A,12634.37302,N/A,11827.16966,9262.161925,N/A,24387.07587
dTTP-nega,395840.5826,349358.2805,272981.3711,241899.2808,229003.2417,223191.3027,214086.74,119238.8454,152620.9456,166550.773,129721.5254,107876.0127,63887.87787,81497.7136,57902.63275,60273.36504,56211.17572,54789.59695,76751.91189,102370.8772,73478.32555,43316.23865,47570.51113,49443.84439,63935.36311
CTP-nega,1394127.468,1389250.298,1263675.593,1303577.533,1178750.767,1641516.32,1098051.138,999600.0964,691234.4956,809822.0131,989249.155,884427.3649,775796.2297,577935.0754,489052.7942,471647.9405,507859.7331,497419.751,542676.0699,1181833.304,736400.0039,783097.8435,724980.3721,601204.5416,607363.2862
UTP-nega,15442854.73,13709391.1,14176282.74,13336058.56,13521268.11,16512983.24,13858422.67,10749513.65,7842791.375,7921484.623,9649726.031,8947396.013,7267986.403,5977654.75,4867605.567,5214446.387,5829677.517,5221960.641,5755690.202,10135404.09,7510617.576,9140987.399,8350157.264,6821803.864,7040807.211
CDP-choline,144424.4188,123307.7354,103039.6858,56585.25198,99656.66844,76885.81031,81917.33109,165538.6791,250012.9973,184898.0935,43073.61291,59966.2456,50675.64547,78546.51838,89528.44184,88701.79306,39696.44167,62493.75967,104731.8777,105476.8027,56592.08843,42230.18031,62365.3428,54071.34383,77687.60075
dATP-nega,200805.5895,204307.455,152848.0164,154259.0414,137262.4747,172092.7209,186404.5275,126534.4823,117791.9216,132505.1628,156749.3876,124958.0557,80749.11592,103151.6438,52509.25864,85259.60309,89488.1964,103585.9988,100510.1191,140686.5874,70298.31987,71254.13922,84403.08012,79917.02816,63274.24061
Taurodeoxycholic acid,21295.37677,10419.76326,39754.12543,40474.54457,33391.79383,17421.40868,10774.24901,9945.738727,21729.86865,16929.26988,8179.884924,11433.21737,16567.97334,15803.2362,16083.9688,28985.76807,27266.66642,18355.4683,8997.023297,17533.63773,20444.24493,16119.10373,16996.01482,19357.97268,8043.795037
ATP-nega,57394026.6,57654731.15,60872977.37,63460388.59,56062724.91,79998771.65,71436576.1,66397887.69,69532593.38,53060023.45,57991122.4,52774022.71,49738211,43548096.34,40649225.44,38614732.7,36626068.77,39134019.99,41209231.93,62365905.2,49825700.07,53540194.57,50765521.41,46465407.35,44106090.96
dGTP,57156825.88,52948224.98,64345238.35,60453314.52,55947715.75,79855039.88,68082725.55,63338944.22,61758878.44,56895536.8,55256939.02,54150644.26,49351053.59,45502136.99,40662175.05,40557509.52,36414038.79,37319530.86,41343633.27,63365624.25,46317251.33,52127219.94,51712477.03,42297846.64,41960217.28
GTP-nega,2136407.057,1963839.596,2074491.635,1787104.052,1294951.791,2123055.986,1594572.001,1162112.932,1430851.798,1241071.791,1184556.744,1028179.213,979551.5665,836596.341,581956.262,689018.4973,667603.6036,643458.9531,699311.1011,1692230.059,975756.4437,1019433.795,1034109.096,721586.3272,675997.6093
UDP-D-glucose,11543318.26,11915462.89,13518794.42,10724855.77,11601525.03,11940487.92,11698569.2,9908169.823,6443216.559,9483869.968,10213669.15,10132900.31,12274061.19,10304833.46,5906863.518,7019058.985,8767419.781,7862411.535,7670091.305,9897745.485,9216016.367,10071450.95,8636765.832,9510042.312,9156326.308
UDP-D-glucuronate,290526.6489,290601.0478,228036.3012,243712.7783,255078.7915,311586.9546,315872.1771,267729.7178,204351.9474,274547.232,311675.8941,295357.4824,242405.1058,208606.7092,99620.818,153694.2492,149491.3533,128272.2759,195961.5347,481409.7073,289370.7899,377531.5625,336999.8682,235630.9334,307419.3996
ADP-D-glucose,N/A,7590.001376,5076.57066,N/A,11803.75599,N/A,N/A,4365.013978,9288.356283,5725.009054,5066.686504,10129.00253,10118.01935,N/A,5897.912619,5911.08798,10134.71697,N/A,5016.637103,21117.31338,18580.00129,10076.60754,11673.129,14356.2922,7547.77709
"guanosine 5-diphosphate,3-diphosphate",8474.918853,48417.65397,39590.1505,57407.64829,48137.1815,75168.64993,45606.95089,65844.75154,73572.29058,57385.35465,70097.16765,70097.63509,60808.93394,4575.925117,43914.37329,48141.89739,64183.71601,66719.56642,56561.87369,130073.0443,79391.90389,4188.300295,101543.6307,96332.03986,69253.35606
UDP-N-acetyl-glucosamine,7294621.741,7489085.723,8455622.032,5577745.031,8256411.525,7579919.401,7837982.21,7477122.619,5676756.105,6729645.834,6714905.202,6868759.056,4848886.019,6618577.819,5194180.191,5054509.26,5290907.305,5070009.253,4754599.363,3996768.935,5165614.727,4437890.881,4245756.109,4661234.264,4368194.988
glutathione disulfide-nega,29895430.2,29284915.25,31408480.65,27573274.44,34639696.45,23231652.16,26329942.23,22936504.65,21753277.15,30624553.56,24010038.23,27559618.24,24085742.35,26456698.79,23283915.91,22920221.71,27183368.77,23172988.23,25078772.04,21401964.67,24726678.9,22819757.29,24025473.97,28891296.82,26974677.54
NAD+_nega,9399315.627,8640261.473,8116324.129,7903166.089,7922145.918,9286086.684,9109885.107,7966618.308,8208756.617,7432455.989,8297674.733,9304129.28,8188373.624,9620777.034,8443456.462,8919939.92,7908276.727,7694009.025,8260174.643,7959051.027,7783260.283,8173971.142,7906228.909,8796805.535,8141444.333
NADH-nega,119931.0779,142733.0257,117399.1299,110239.5752,122428.2726,118240.8565,106420.22,80936.6433,75048.56437,98808.16352,132534.5473,81925.31495,41419.04483,89522.95155,67503.45811,81925.38724,27027.66392,73475.74282,75171.72345,39693.37959,47293.37998,32936.90125,34628.87308,43913.35423,59964.96463
dephospho-CoA-nega,4222.863751,15200.37587,27087.99962,11815.96069,14276.10497,20825.72456,33138.13943,11740.6041,17885.52333,34625.44416,27971.78817,17067.43206,17637.87142,12665.47055,14303.66313,10841.76171,4222.811511,N/A,6067.173403,18003.61823,10943.5098,7187.377469,11032.41813,21246.95902,7450.930415
cyclic bis(3->5) dimeric GMP,3285.686599,N/A,N/A,N/A,N/A,N/A,4541.132424,N/A,4221.245322,N/A,N/A,4231.205306,N/A,N/A,N/A,5085.835153,N/A,N/A,N/A,N/A,8403.19336,N/A,N/A,N/A,N/A
NADP+_nega,866523.7263,761572.3188,883839.8581,760180.4554,795693.7841,642152.826,462829.8369,759859.6067,742595.7588,579353.2037,481863.6539,498141.1435,377490.0504,446370.3929,415784.8668,393639.4793,324674.0432,371345.0746,478893.9924,617677.6542,398225.9005,416100.8871,322633.2461,405419.1967,291736.7298
NADPH-nega,66723.42318,79390.55196,91212.37616,74510.98463,63344.43321,113174.4236,177361.9476,76822.62299,70903.01569,85305.23084,86990.97031,33782.57426,79377.37523,60806.1523,38849.96876,27027.22033,61651.41659,42214.38336,36367.08603,83633.31028,72633.14053,81924.63453,66731.35511,61652.37175,73484.2605
2-hydroxygluterate,72634961.39,64040195.36,67253141.41,64040778.45,59495680.06,81711777.38,64604664.73,123557451.5,154416864.5,134826267.5,66673180.39,108112160.1,57186584.75,74942848.98,131036048.6,149803112.5,59929536.94,105472879.2,101605339.4,133627851.2,107582188.5,77981897.07,74205135.86,87170355.76,94110922.49
2-deoxyglucose-6-phosphate,2697201.066,3155855.686,2964439.816,2347520.812,3116915.933,4207092.73,4343782.815,5345385.461,6150774.545,4489893.993,3842910.504,4328642.554,4564071.79,6036608.027,6066957.926,7052909.183,4555459.68,5172812.335,5787563.247,4387960.059,5734455.783,5315167.656,5803774.795,6001243.349,4995360.396
4-phosphopantothenate,33265.15579,31207.20948,25144.0746,28916.93981,8565.814005,25257.90388,28687.19771,3190.094898,21189.84946,15296.79145,14992.20366,16790.7357,16754.93733,27836.30058,20748.85123,12660.14477,16900.65009,5560.6884,13823.66011,21087.391,15445.99168,19434.70729,6204.495072,24471.73331,18541.12077
dehydroascorbic acid,1983134.716,1259798.112,425555.9912,1477859.098,979247.3539,1561213.045,3059959.275,1863706.966,2389839.884,2658400.398,1550485.268,2070770.967,1734059.06,1918778.541,657001.6073,1142820.722,492741.229,1157679.261,170370.4953,2686195.695,983496.7523,670290.1051,2093802.552,213482.1877,584206.1026
3-hydroxybuterate,1353963.516,1380323.714,1083973.016,1050974.187,1156058.928,997710.2791,1051742.22,766087.8154,762302.9086,933407.439,1209427.256,1096950.752,1085906.274,984575.3433,1233122.393,860052.3337,1077727.049,731438.045,972423.3765,795295.2436,1047348.142,676523.5263,907849.4871,648853.8861,1222645.464
itaconic acid,12771050.82,11473555.92,10834910.06,11561965.55,10216677.41,17341754.56,16888173.81,22052359.61,31143855.85,24462289.72,19294661.21,25356504.03,16519381.83,17725479.47,27200731.9,35825039.74,23561085.86,25482163.92,24350166.24,30728838.75,29825637.11,23083428.95,25136783.01,26307183.64,27562809.15
cysteine-sulfinate_neg,89114.3421,93739.91233,97975.41218,128357.9447,120836.7017,29558.28389,78104.8845,62499.19054,88464.84526,75148.89883,55737.48258,76032.97735,89485.56435,68408.59874,80219.38295,43074.5583,43700.24531,32945.96049,53191.28616,29551.55224,46003.64503,43062.21989,28714.96047,57157.23192,62230.64777
Urea,3970737.406,3370548.945,3955598.201,2351787.472,3295102.407,2957463.468,3319914.64,3119615.29,2849582.607,3386533.879,2847741.818,2269365.472,2141551.51,3247055.199,2423356.419,2355816.82,1692656.832,2331793.481,3412522.233,1465279.822,2404074.447,1727293.616,1641559.662,2039101.044,1909628.277
ethanolamine,1239019.9,837740.1192,759914.1645,858417.3764,742177.8445,694407.7891,1104522.661,1231237.315,1201813.853,1189645.323,606449.3433,724022.0379,588045.7233,759164.7636,1362744.486,1042306.688,426508.5341,633614.8898,1619965.212,658584.6822,1173276.678,444479.8863,474757.8039,609482.8101,1074391.561
glycine,13512.46792,20267.34793,24494.09567,13515.04322,19423.97004,4221.176252,5911.069763,N/A,5908.860053,N/A,4223.77684,5911.985607,7598.635121,6757.654231,24493.85112,10134.95217,10134.91056,10134.75823,7599.201532,9288.172271,8447.522844,8446.538107,5067.377027,6757.370445,11824.72233
alanine,44036186.71,44106773.83,32930659.92,37615299.74,37019300.97,12286502.31,10039310.56,18271296.85,29148405.24,19353957.86,12995615.45,14218746.98,12415044.85,15825839.89,18375968.54,19610785.13,14563279.6,17534396.52,23175465.37,18063563.43,15459903.73,13276704.57,16095222.45,13809546.77,16087356.68
betaine aldehyde,114190.2054,157224.749,130891.9379,186963.7872,113471.1603,191481.9957,172643.829,105582.7509,120268.084,140044.5828,153649.0344,143531.8048,169551.6876,119478.0628,145678.9321,116074.309,124156.3301,110501.633,156375.9836,149658.1601,114043.5671,178092.601,178958.4867,123377.035,172875.624
choline,453812.5434,183181.0765,140187.9737,N/A,123294.4445,387373.2517,279381.249,256244.3223,127409.736,140523.054,439552.5342,376210.9006,337050.2673,406335.1874,87125.75039,132023.398,270967.4163,319225.7405,400215.5032,231544.9881,419837.3331,141081.8777,370754.4813,103969.1765,390851.8773
4-aminobutyrate,507501.0282,541589.0576,438436.461,468116.1602,393698.0126,441960.3832,333650.1901,538934.7794,714565.0788,570820.9823,370743.1946,382581.7663,302279.386,394059.3405,507573.576,512622.1007,306510.3091,393524.6524,627644.6965,386346.7795,372906.8272,255777.0891,224660.2037,280712.3895,385967.0433
dimethylglycine,974683.2874,1035768.068,972529.1721,818702.974,1021305.563,618395.279,556953.7666,469079.8652,502680.3879,495500.539,495191.1123,417579.5245,366457.4047,474853.5981,531374.4334,508776.2762,498890.4906,386312.1953,545774.2524,282479.849,526137.3162,388181.8326,430900.0639,658463.9456,395935.9523
serine,20299656,19330981.61,17683209.18,17020778.58,16954107.48,12930798.87,12627672.85,14355223.75,11542922.9,12238273.23,11864261.15,12099301.79,13270654.63,12684500.23,12888339.78,10626140.78,10808756.98,12714350.88,13120221.72,10901800.94,11580309.06,9887262.915,8983295.127,11223545.03,11661338.64
cytosine,1576580.323,1589206.225,1749825.147,1540821.79,1623409.857,1911601.953,1790687.862,2084299.137,1754934.204,1600308.843,1915309.038,1572877.136,1849263.356,1620922.767,1876433.973,1859515.341,1710247.468,1719193.569,1666391.346,1582098.507,1595351.713,1539711.094,1445693.813,1669612.383,1453501.677
Creatinine,N/A,N/A,18087.7192,N/A,13818.17204,26748.11498,71735.085,16489.42195,N/A,N/A,N/A,42063.68907,N/A,29937.78434,N/A,N/A,22566.10718,40798.45905,N/A,21039.41778,22988.79402,N/A,30638.72105,9398.501202,31864.90447
proline,178128711.9,182999441.6,195199521.4,178257367.7,188327685.8,192366895.4,199527638.5,182630675.7,188253110.5,190310770,175279757.2,189972820.3,177155953.7,178428839.5,185971980.5,167029049.5,176161540,174481250.6,181395541.9,165159609.3,167066178.5,159098939.4,159201699.7,152791111.4,177302690.5
indole,731146.6351,782148.7882,537498.6158,584360.7442,651770.4739,101993.0101,220399.8251,224978.5043,282921.5773,237392.0154,123160.89,231221.4868,179575.2091,259698.6236,298582.6678,123029.53,145103.9251,106042.953,135240.795,123344.1669,221510.1741,88419.82229,128667.6699,98097.59615,165897.9189
betaine,30205400.64,8139972.64,20140660.17,34218842.87,8230077.197,30390231.39,39491565.61,12151369.48,16645004.9,15104490.1,7108138.346,8289135.891,N/A,19846286.32,12540989.24,13580637.68,24887329.69,7790815.883,6885131.012,7948073.281,9212861.901,6852190.517,7490395.099,18535307.97,10098141.38
valine,6268376.352,5185995.04,3099203.763,4301969.008,4118607.507,235658.3385,305177.2465,360980.2089,524134.7412,411121.983,227445.1742,356084.9939,328172.0429,464977.4471,864528.9789,525245.7599,300893.6503,318580.45,471340.6307,287957.0949,666274.0903,366457.2741,369362.8918,322793.2494,427726.8284
threonine,52282667.28,50794248.7,42354807.71,43239937.41,44851502.02,23025553.72,30637457.25,25802689,26837199.24,30204234.6,17539042.46,13060696.05,12078794.6,14669554.83,14953261.36,8886899.981,7396423.058,7648297.968,11297786.25,6151333.387,11094237.29,7491956.827,11216989.98,7837058.66,7412772.887
homoserine,72080.6371,65642.02339,22521.62217,35485.37058,63453.90281,47707.83635,20273.48702,3292.829161,16044.04811,12837.10741,21215.18279,22733.31976,16865.49766,14014.28891,9313.350991,19367.39724,14388.79684,14058.38629,14218.60399,11763.60059,18588.11591,8445.518021,17810.16699,18571.29321,10055.20565
purine,1148203.764,1222050.525,847447.7015,1073656.86,1255115.543,124621.4499,192282.0222,253696.5485,413549.9964,175504.7531,108330.0291,111632.6371,116656.8139,279480.9751,249000.023,119705.8183,75970.1046,112594.7974,142422.2835,68761.76834,208438.3559,52632.93635,80644.74831,92034.47138,143123.5045
cysteine,47519.26389,39167.75453,83851.84182,85374.38109,29574.43441,128007.6426,183915.6197,136818.8551,95523.58766,72309.18954,47404.21891,96708.33435,176444.5887,106012.7404,113958.7433,131507.9691,5964.228723,70159.24706,37882.58915,96032.2466,84732.99037,93748.95993,63483.33585,5054.018816,37225.43795
creatine,27216.27311,18333.5046,46701.22003,37034.9936,30874.36336,N/A,23393.69186,25178.97609,30035.10685,32585.64425,18830.17007,23043.5473,9786.819084,26124.73013,8868.12263,62535.61359,15898.55639,37817.20584,47562.43276,12403.52809,10877.76247,35853.3531,15628.16426,45794.04696,19123.32538
nicotinamide,1421664.15,1835154.456,2008594.752,1550315.941,1818240.265,2293696.307,2000243.621,2314433.976,1968310.972,1887561.809,2382738.892,1992664.291,1536905.305,2470238.3,2544729.266,1815384.952,1585486.939,2049480.431,1807189.322,1346738.036,1460274.413,2016580.626,1593618.805,1779839.667,1467619.715
Imidazoleacetic acid,85723.25448,232061.1035,237080.0293,243513.0598,256417.034,222978.7674,153227.3842,112222.3931,191640.136,264314.9446,215874.6024,184274.7521,148161.5371,100027.3742,199296.0994,165129.9813,158644.341,86429.13329,267817.4035,141345.2579,228486.8605,112357.3535,122414.8445,175501.8065,44859.0646
thymine,21100.53022,14200.62652,57028.12445,41157.047,18482.92432,N/A,33498.86928,61696.51518,21123.6403,32878.30643,65568.77713,40210.93766,20904.63978,60610.61138,26389.65381,22052.07394,54442.01948,42335.08418,35523.62885,40736.99573,42785.38582,25831.2824,20187.03991,29564.93768,36556.36985
DL-Pipecolic acid,35243178.9,33512687.12,45987042.29,36432114.71,33534466.4,46623855.9,41372371.08,39450244.8,34639036,38709265.89,44932153.38,44137832.34,41457696.28,54422502.99,41025445.55,36980531.61,45013768.99,37377427.35,46990746.16,36827992.12,36522614.37,41319142.41,40979123.58,40601327.31,40062997.43
N-Acetylputrescine,9244.109608,9040.364278,7937.658122,12508.25086,N/A,23588.40536,27937.7233,13763.11898,24373.36755,20441.11652,18673.95973,10280.15121,20448.33292,32464.85616,18079.73862,31411.55084,6844.515419,11060.53345,N/A,31761.69666,16874.18979,38626.48431,16722.55473,19038.94447,13021.42584
hydroxyproline,27154.7781,68401.92967,42913.88164,32562.15748,40961.03378,23074.50133,27906.43154,6896.782159,41038.24521,26181.77465,48964.63556,25700.04821,19698.67819,58194.34781,33966.18949,23433.32091,104729.9208,73744.68345,50659.32827,11487.55385,41294.55278,68271.0557,22503.36852,15344.37725,31102.08049
leucine-isoleucine,240395199.3,237284878,181869070.3,211156578,207410369,39375827.79,36988396.19,79087594.39,117243772.7,66184431.56,41082740.17,61526904.85,58708657.51,92905283.05,111581738.6,81111562.94,52982207.34,73042743.57,66242951.81,53548354.62,89900749.01,59314606.91,61190346.94,55867208.26,86911544.87
ornithine,86321377.24,81826464.29,56751292.65,56475119.6,71378778.31,46657497.95,66108930.09,43888726.6,49241985.37,57712463.12,38033380.6,28703438.87,20093399.34,30409467.08,15977622.55,10075119.43,15331747.84,12085504.98,23739327.86,12362186.82,8293443.715,6627368.264,5617518.698,7016483.253,6977179.271
asparagine,37027022.4,36643613.08,34417499.46,33068375.64,36723228.19,27483607.45,26111810.3,28804156.25,27634351.34,26987323.03,25731431.04,25272272.15,27584402.41,26397394.45,25988824.95,32230146.38,24888342.52,28837242.71,24608796.71,24506634.34,25848744.38,25634291.45,26069428.38,21474179.97,23088166.61
aspartate,7849558.244,10812042.64,9413081.811,11269666.97,11618421.74,6079420.32,6376370.07,4392149.257,3849448.96,4862449.783,5703563.737,5013156.426,5073313.006,5353082.861,3543095.233,3152623.164,5050444.964,5675441.456,4763818.742,3382735.914,3508470.514,3950666.928,4653532.911,6378903.435,4967191.3
adenine,3612527.454,3681105.676,4155088.887,3301892.246,3615874.784,2751324.656,3904327.362,3947187.853,6803147.247,3785132.522,2106898.392,2594535.109,2023202.261,4149039.913,2968727.651,1868842.648,1494870.337,1589226.389,4986416.88,1837974.726,2524450.325,2076807.25,1518925.834,1522731.287,2310879.104
Methylcysteine,3612527.454,3681105.676,4155088.887,3301892.246,3615874.784,2751324.656,3904327.362,3947187.853,6803147.247,3785132.522,2106898.392,2594535.109,2023202.261,4149039.913,2968727.651,1868842.648,1494870.337,1589226.389,4986416.88,1837974.726,2524450.325,2076807.25,1518925.834,1522731.287,2310879.104
homocysteine,57688.91801,36584.6465,57032.71319,57592.79041,54328.79824,32342.91291,17855.80243,21540.02199,11999.75706,13665.95011,35084.01373,18004.29238,20185.9489,27028.42869,17178.29115,21658.06117,27649.00739,15713.01525,20760.13758,12051.26976,9259.969286,18742.58914,12628.52911,31213.15432,10783.2558
methylnicotinamide,7081.823866,12170.8012,8122.959487,8014.768819,N/A,15187.43521,10096.08416,N/A,12022.16842,7254.761715,N/A,N/A,N/A,N/A,10075.88931,9294.137743,9139.322534,11539.95239,N/A,7895.615619,10577.42115,N/A,N/A,6230.550205,13425.82193
histidinol,3376.708799,N/A,N/A,N/A,9340.556356,N/A,N/A,N/A,4221.238611,N/A,N/A,N/A,N/A,9266.65321,N/A,4306.283417,N/A,N/A,N/A,N/A,N/A,N/A,N/A,N/A,N/A
lysine,91657865.76,94238787.47,67516770.18,66332837.91,89092473.73,71058140.49,82922868.68,58344880.91,60425048.94,78038006.24,68949175.56,51295927.33,51337850.53,61453586.04,41825405.47,33213455.4,38752276.19,35042199.25,53078661.58,37551749.29,26433614.68,28921097.95,28178981.68,27279339.29,30851741.45
glutamine,127097578.7,129076582.1,137390989.6,116769883.2,128236035.1,152157187.3,148782075.1,155836296.6,148362485.3,145722413.3,153775673.3,150600744.1,156234979.7,164645293.7,162387154.2,161317505.3,146751981.1,153638705.1,147786877.4,142434627.6,155171592.1,145795959.8,150113787.7,159772780.5,148168208.6
O-acetyl-L-serine,5020.265716,N/A,N/A,N/A,N/A,N/A,N/A,N/A,N/A,N/A,N/A,N/A,N/A,4078.024414,N/A,N/A,4178.708804,5663.841791,N/A,N/A,N/A,10095.63128,N/A,N/A,N/A
glutamate,65000813.38,68719635.45,74542306.15,67208839.9,68438308.93,93906522.3,86338409.64,78593660.26,73175706.15,74859801.82,82707002.37,84911569.99,86309560.18,92772015.3,82566495.33,72604912.24,76144446.63,79023808.03,79922890.83,72945222.08,61895901.65,72679438.69,73379084.84,74430615.89,88244591.68
methionine,13602114.39,12740978.75,8904839.7,10470575.94,12094830.48,3321518.56,3539233.88,4506748.532,6709705.215,3710358.407,2449244.918,2691012.027,3607214.807,4180564.553,5340740.967,3589328.893,2091629.873,2539601.868,3243228.911,2507665.642,3854993.479,2503650.318,2302186.93,2377372.433,4105956.924
guanine,550090.7756,512973.0917,452409.6658,522377.5855,542112.469,207017.6241,250405.8359,262161.6668,276410.2828,235402.9109,215352.0238,204826.5063,159725.7451,183883.6379,250716.5334,150030.6958,111953.8783,102191.6257,143156.0754,126228.8548,241210.0758,140644.3065,148441.2057,127824.1116,174428.8179
histidine,188006016.1,192337101.8,200021188.4,195402548.2,188122880.2,214486600.7,199366149.3,213800807.7,201642254.1,194387191.9,199650037.1,198973608,195436418.5,196162295.5,199848703.2,198482197.4,198531439.4,196814180.3,192158906.7,185122511.9,187658153.2,190711432.4,186211762.2,193782502.3,189206353.7
2-Aminooctanoic acid,18383.87626,10125.59945,14547.07424,11617.18066,8873.291325,16964.72336,19442.50341,8600.158563,22030.56908,11702.5781,13005.74756,6311.676724,19559.82935,8497.977375,13597.95203,11459.49797,7579.04314,18046.80772,18048.98791,16425.48127,22388.89848,6081.037564,12711.24464,13243.50161,7204.93817
carnitine,30561494.36,28388495.75,31912695.3,32327473.61,32934940.57,38580308.95,42260036.76,33539441.28,30336069.53,36026521.86,40233711.77,41163699.99,39270889.17,45008039.75,35651183.38,37646681.9,46264095.73,45544072.5,42421151.09,39833876.59,37864844.03,48802544.86,50757872.62,35608913.46,49310855.84
Methionine sulfoxide,99533604.69,90852087.86,80568632.21,79773019.08,87503521.8,90177140.52,100963158.4,77586080.37,79014572.92,92790574.27,93257936.03,83588279.5,82026174.88,81323852.84,76326625.57,75152901.79,89981592.74,77943888.64,84802242.77,75598265.41,74122983.9,75051273.75,79495991.83,69266879.95,82424272.65
phenylalanine,79760438.49,83217733.5,66987491.14,72408759.72,90479063.29,8729707.815,13538869.84,17317393.61,35638353.7,18226524.54,7909022.73,9307679.82,8753361.25,22113708.1,21161870.03,10784763.76,5302356.568,8201557.16,13200608.75,6345555.11,11623577.61,5243892.707,5253427.678,7140443.951,11045195.22
Pyridoxamine,N/A,5885.002829,4217.917179,7622.548547,N/A,N/A,9363.064115,N/A,N/A,N/A,3381.773266,N/A,N/A,6775.132692,N/A,3379.338467,N/A,4170.823146,2517.63142,8469.860114,5772.810476,2581.206371,5071.260809,8480.400504,N/A
pyridoxine,8196.850416,13425.77725,18155.5877,N/A,5869.730272,6732.338329,12668.88047,N/A,N/A,N/A,N/A,5012.773695,N/A,4141.0955,2504.197377,5063.828321,N/A,N/A,5026.156386,13064.63722,4131.845921,4982.851919,5819.397039,11877.36274,N/A
1-Methyl-Histidine,2796703.58,3729135.908,2877993.552,3018448.398,3024691.034,3397369.967,3455348.085,3204299.787,3312712.938,3307175.349,4837115.58,3349937.681,4420134.4,3658861.424,3353528.898,4560158.009,4632182.322,4422604.484,3796549.432,3475289.602,4260859.432,4491599.628,3890489.648,3891955.088,4451367.964
N-acetyl-L-ornithine,6936.897306,N/A,5374.614818,N/A,N/A,4710.717812,7071.577913,N/A,N/A,N/A,11454.69753,7524.419943,N/A,8161.719175,5801.304097,6911.270419,N/A,N/A,N/A,8781.378921,N/A,N/A,N/A,13985.09151,N/A
arginine,151667534.2,179097031.3,156516432.2,147783644.7,157666288.4,140420815.2,108920990.5,142492270.4,152777408.8,135431558.8,116660856.6,106018428,133089888.7,146086676.9,162187139.2,139258887.3,112619715.9,120719912.9,117313301.9,106178729.2,143018173.2,138854220.5,136088128,132148048.3,118388763.9
citrulline,440851.1198,437910.1018,388816.5946,368265.2804,274794.2595,333588.0704,379757.128,323674.4898,271122.3313,216216.6639,201160.9092,198410.8768,185251.3476,271486.5844,164915.1752,209860.6367,226714.6953,250081.3809,317821.8288,207524.7858,184909.6774,376738.1838,334968.5031,298554.846,226684.9073
N-carbamoyl-L-aspartate,116561.6679,134243.6565,81802.5807,87347.01773,115264.3121,78581.53393,96279.09441,106419.7575,89505.34141,77700.14895,82764.94541,95639.46106,91248.84267,108103.7632,124974.5217,97043.04403,131458.9748,87075.64226,53296.37947,97947.71902,108973.7536,90372.54471,137692.9358,71788.13473,110269.0321
glucosamine,66585.09419,120491.7245,205740.1027,108420.214,148220.5556,48826.36412,50971.15851,36541.00809,52353.05545,37733.00201,70103.62791,86239.20185,30144.10571,106478.9781,75496.41533,72897.5396,109111.6006,66988.22692,71058.11834,123545.5695,97857.14468,234487.5577,100167.5832,102727.404,101393.9698
tyrosine,14705831.36,13210267.7,14285630.27,12171192.06,15058963.05,8043314.954,12624841.54,12885104.87,26616389.25,14101865.75,6160334.045,5659348.671,6007613.713,16151689.51,11139857.92,6402827.485,4479476.825,5171412.917,17897146.92,3725757.131,8338548.051,5926805.482,4234466.975,5629335.091,7581816.693
Phosphorylcholine,459837649.3,441628043.2,350074063.7,360263278.9,393331923,457945854.5,455253103.5,389430346.7,316356517.2,411305590.7,445597972.6,459322555.8,424320544.6,446117103.9,342613898.1,422338060.2,466287577.7,414713982,435508533.1,439193054.6,442225375.9,453990991.4,411198244.2,426380019.9,449628488.2
3-phospho-serine,868571.3912,733802.6664,763869.5882,735677.1771,1014268.407,1375794.298,1309794.712,880874.7608,476546.9121,842572.5191,1680421.112,1412353.236,1194150.428,1426340.341,976590.5622,1191984.711,2106492.51,1875187.592,1938520.418,1629797.965,1756264.669,2508029.413,2119262.161,2241567.048,2011518.181
N6-Acetyl-L-lysine,36778719.13,34144532.13,26987975.08,30954767.56,33116048.65,18596920.26,19381860.69,20045364.76,23491808.21,14983871.02,13788811.62,13359771.65,14477997.58,20722728.01,13832624.73,10289117.48,10185630.58,8469121.212,10702617.39,6729435.784,7917983.024,7250649.872,7898624.473,7080837.596,7951222.263
Acetyllysine,33853948.03,31894333.06,26051974.12,22968066.11,31112652.13,13487496.55,13258620.83,16279669.34,21688503.77,14041775.36,15497953.76,11266260.62,12375717.13,18080474.9,11524448.55,8813054.225,7236669.503,7084100.008,8875864.865,5426612.95,6614976.636,7310457.969,6747952.416,6145484.274,7234875.974
N-acetyl-glutamine,155349.5225,177141.1714,207245.5636,214407.7986,330915.3714,350742.7619,429519.988,459200.3581,396745.396,365228.0559,299135.431,218591.6018,269269.9315,352056.059,294710.5779,234573.0012,205783.2493,219669.5118,282946.5995,235292.774,290842.7048,161306.6172,295312.8282,169227.0054,198335.0935
N-acetyl-glutamate,193780.7518,285641.4359,291801.8111,153815.1621,211211.0272,253805.4112,177735.91,292789.0713,269133.9407,287345.7911,209286.0458,129758.7332,192530.2271,264058.4749,158334.0035,121048.6502,93928.54734,199237.8435,129643.9482,142161.6587,91165.56833,172567.4827,147508.5416,166951.7621,121948.8813
"Ng,NG-dimethyl-L-arginine",8354116.404,8421594.475,8261107.557,9255615.81,7208622.538,3231322.734,3413920.576,3514196.448,3766472.48,3378234.256,5408827.474,5848389.08,5888657.085,6366747.581,3283992.591,5347155.344,5014688.394,4685566.885,3710985.195,3837813.698,4167134.718,3995598.188,4483572.928,3781852.617,5425711.495
Acetylcarnitine DL,52527141.91,59657088.26,70731640.94,64276958.6,60960693.6,72376490.48,69682982.2,86227196.96,93548712.36,86416443.83,59565885.76,68486597.97,70935119.67,66463220.02,90236702.53,108905593.9,56831434.44,76586745.77,64956540.49,76775468.61,71445284.26,61969190.21,52328010.87,71631442.47,63534417.47
tryptophan,18089025.49,17824975.27,20449938.2,14907356.17,18444790.78,5491947.656,7103129.867,10419515.14,10082089.41,8017773.978,5138809.534,6433192.154,6465834.573,7517578.892,10112918.64,5064679.849,4841757.397,3427796.748,5687933.89,4119689.898,5815039.61,4454340.474,4961075.708,3918817.459,6349386.761
Kynurenine,1934717.353,1546800.563,561468.0186,843699.2187,558766.2926,24821.5258,21971.45557,51230.55022,120437.9092,53207.12259,23076.21371,80148.0433,53001.73328,49082.258,298036.35,20919.35303,32086.47155,16559.45773,24177.42766,15958.52474,413752.9754,21135.05124,61633.15715,35711.53667,160487.6506
N-acetyl-glucosamine,5150226.366,5705514.556,10661763.37,6764849.383,11154339.22,10258927.33,10317062.44,12800029.3,13641885.65,12150735.23,8099502.503,8718757.02,8910515.588,7571409.335,7901084.565,3974925.697,4149096.987,4286808.835,6168082.403,4020792.681,588409.4638,2640916.548,1747955.66,2556988.474,1575719.902
Flavone,4458.755404,8988.774507,N/A,7931.358053,N/A,9767.270509,8103.416082,27588.77961,39098.71613,33990.0109,38110.95876,57909.07172,42451.74532,44847.99415,54535.42224,62168.94548,72212.78701,60673.23192,67436.96454,55915.53061,88588.81509,61227.45142,61009.40879,80488.95239,85188.38391
cystathionine,5945719.371,5434753.185,3159588.48,4184337.129,3799448.507,964764.8955,1514777.064,851081.9774,999038.129,1287021.757,765931.2189,771061.3872,445745.8151,789564.6868,520139.8738,381685.0168,539608.6024,480402.4489,822434.9745,392702.787,788864.6568,440560.4433,471878.3449,423142.5286,687394.5666
5-methoxytryptophan,14308.56549,7597.956824,8809.185658,5028.753408,5354.211408,26981.24218,N/A,13956.31145,12224.92879,26211.58573,22990.0171,15999.29481,26182.44463,5802.482617,15178.95545,6779.600439,10747.75847,11659.41788,7546.800107,N/A,11210.92656,30447.06443,16919.93422,18100.96378,14065.42892
Cystine,39674.07178,25335.32257,48022.51821,110387.6901,40543.49052,16833.74936,5908.11707,58991.44595,30029.11161,21109.74215,7244.935842,10458.33545,16912.19303,7021.245403,5165.597923,23613.93452,38845.18864,8496.641159,17729.70396,10922.10202,31249.14001,15200.5204,4813.286915,22794.70759,35441.7699
cytidine,17838070.61,20922072.84,10212265.02,13010905.53,20669239.35,2178267.473,3011082.07,2834107.809,2800090.659,2530758.997,1588612.465,1510890.75,1567167.041,1996952.876,1859944.175,1039356.264,1224415.916,1483923.647,1143190.701,1042746.898,1077389.33,934530.9111,809800.0115,722975.6603,1286903.408
biotin,1189993.528,1150891.298,955894.8498,1042337.966,1171777.649,1015104.81,997302.0629,973377.4048,1243163.588,1087167.637,1007109.61,1008629.796,1168125.49,1221624.318,1140463.782,1034109.685,1042028.113,1223286.067,1039948.779,1062482.468,886760.3058,1057657.969,907471.4696,814654.026,1071376.622
deoxyadenosine,45619.27287,37538.64473,16916.0096,54205.89433,68423.94346,60257.82879,53435.79169,40697.06315,58618.41228,48325.23698,48433.08512,51236.58565,20147.69303,71993.15141,48357.84567,55485.22525,17951.86643,58333.34479,51110.18901,39772.69003,47775.73464,47036.11978,58690.341,19709.24139,44338.33532
Glycerophosphocholine,11542744.98,13862896.3,15221311.15,10138253.31,10211062.07,21475601.23,19435651.26,20569494.5,19252513.66,20769046.91,25683022.03,30371403.79,25451628.1,27240876.14,26927220.52,28224829.36,29894950.1,31653143.41,31675911.3,28247522.75,24585413.97,29866727.83,28110825.99,33593860.31,30241248.13
acadesine,24455.6299,17325.20211,8566.374199,18528.74892,3397.937485,29561.03066,4788.874857,16877.06493,32092.87329,38268.38796,54049.20289,50600.23813,32939.69155,53180.52218,50908.36646,54675.10456,40447.17019,51515.0688,70947.67458,12042.65019,52367.0954,61720.39917,28704.50316,46450.20511,54049.0211
D-glucosamine-6-phosphate,693458.362,679541.2597,797684.5592,841725.5538,657764.2342,686280.2001,637219.4814,525325.0435,449587.8152,431587.0834,626461.4815,517527.1032,498863.9276,512460.8086,631737.0183,980190.2712,607659.0553,494637.4982,446373.7373,559069.2568,625807.0466,465666.1641,710052.9365,633106.6633,664620.4783
D-glucosamine-1-phosphate,30088.27095,26948.95128,9321.420084,30386.89956,20948.67283,21253.18656,30344.00883,5957.241375,11915.73397,6722.51786,13410.50137,12174.75944,19171.65902,34952.66487,7592.043241,10151.7856,32019.49041,24055.35287,24660.19833,17723.24251,25236.67795,24139.89082,3348.020231,8480.111698,14484.93677
thiamine,14336.44061,27538.85871,14047.19357,9287.112331,28617.36976,27458.43623,11827.04962,11034.99301,13807.39001,10778.53144,11840.82668,14993.89926,N/A,22602.78506,10131.32072,9093.516062,18045.20444,8076.326424,16043.63368,5914.777535,N/A,23201.7577,14358.6914,N/A,N/A
S-ribosyl-L-homocysteine-posi,346112.3325,406846.8967,845110.3096,522700.0734,521064.9587,672208.5007,636566.5763,1032894.336,1062517.448,626439.5053,503368.9565,547418.2457,568328.4521,632987.6989,817472.5854,565395.0745,456801.28,483971.3181,551517.8534,407922.8833,534187.4085,600253.9366,488662.7162,477604.198,427349.6652
deoxyguanosine,307084.9042,306306.1695,409634.2792,264886.2348,307529.0683,70822.39961,82895.62264,35203.92222,79165.28486,70103.72668,67603.92361,42998.63165,26990.39391,27771.05046,44161.46489,26149.23644,29865.19303,14278.57239,15778.39941,21414.91147,46196.33133,14519.35651,26930.434,21122.16721,22741.17932
adenosine,1427221.668,331741.7899,2497611.454,1417976.542,1108238.435,835314.606,3766550.394,852949.0015,789100.6097,45732259.62,671805.3441,791305.3133,797351.6106,977095.6766,567317.1296,453475.4514,590572.3221,614080.1875,701281.5263,488623.5965,486877.3405,491220.2594,480276.133,443662.3272,692620.9189
1-Methyladenosine,48932.59017,47950.06225,62869.3105,35783.50695,47332.36338,14798.76725,33230.53878,27559.91851,35925.07191,32743.22497,22336.51446,25210.94536,6274.264233,23975.23255,31338.03644,18173.36872,18138.64545,11703.4221,10873.60437,12285.15065,12303.92841,17905.05065,8642.962483,8922.863452,19783.11556
guanosine,507063.5205,674706.5848,577939.5071,692446.2231,897786.9385,254782.0143,285574.7411,303549.9524,426006.177,345627.1296,160046.4026,148127.8399,144325.2839,204665.9133,326741.2084,193454.9943,129976.5803,176414.1824,211830.8242,81937.10621,259086.0283,183942.244,147838.9897,103622.165,181492.1053
L-arginino-succinate,2675770.129,2999181.718,2972183.255,2762049.903,3567082.911,2951735.22,2948346.789,2489791.676,3179353.309,2721032.128,2280912.002,2077847.575,2574501.897,2852726.6,2552147.922,3190866.7,2092761.057,2713513.655,2638756.918,1902773.861,2304759.419,2272559.753,2004430.379,2014954.996,2231054.527
S-methyl-5-thioadenosine,N/A,54741.90663,N/A,N/A,N/A,N/A,70274.78945,35750.6373,N/A,70649.65651,N/A,N/A,30198.82741,43717.98652,N/A,44987.48273,N/A,20365.27097,N/A,N/A,56651.23085,N/A,N/A,45982.42253,N/A
7-methylguanosine,N/A,N/A,N/A,N/A,N/A,N/A,N/A,N/A,N/A,N/A,N/A,N/A,N/A,N/A,N/A,N/A,N/A,20561.11777,N/A,N/A,N/A,N/A,N/A,N/A,N/A
dCMP,89525.4606,80734.48243,54053.38478,55401.80124,51538.90004,41374.1146,28775.13883,45609.67018,34952.66871,39690.64562,31248.80629,34628.49445,44925.44448,33408.88955,44767.93496,42301.87013,42221.74029,31375.13575,34629.84318,37161.77961,28538.77977,20201.58786,19329.46643,30404.48927,40512.90398
glutathione,16374881.09,14199302.29,11361082.69,9073499.53,9145385.113,9700832.706,13966135.18,11305682.85,8446128.005,7871243.364,4031162.452,8363374.576,9725002.738,8006132.61,6022775.194,8993767.222,3978083.117,5859054.199,1981078.781,5556848.988,4131478.412,4278138.343,4116611.53,3474563.25,2841216.509
dTMP,26847.904,27871.34341,18025.93527,16018.81488,9089.661552,N/A,12667.70054,7601.030444,21113.66599,N/A,11962.07629,8413.767586,N/A,3359.577093,4268.719866,N/A,7735.700795,N/A,N/A,8440.660795,9920.653426,3343.490647,N/A,6518.289945,4223.548034
CMP,944404.0782,784394.8131,550396.5315,769986.8062,579113.5939,744919.4053,869889.5514,709896.219,893194.7322,846556.8059,593029.6103,672866.9055,533301.0897,658694.9987,681421.0443,640980.713,441751.7133,616937.1389,537952.9473,443409.4412,486983.8137,329838.5211,418907.1028,436642.3758,514157.6283
UMP,329878.4874,517105.9602,341337.4821,426883.7727,432252.2389,442046.5825,282057.9192,251590.5408,203779.8359,507520.7681,353868.3849,272497.3429,345303.7114,339608.8337,206754.4172,154352.9662,126504.2489,458980.3425,319392.9018,124945.7084,267357.3924,150745.6025,134418.1393,277595.2692,242134.1436
dAMP,166330.5737,196825.8848,112091.4145,152983.3724,130623.2955,203780.8502,185139.8801,179524.9818,208459.0918,264232.2667,148850.4491,217739.5394,242200.9197,97861.00765,176916.3712,179853.3678,170291.2983,113708.0648,140401.3955,218620.5373,170493.3345,150408.6742,122217.3126,121210.599,133430.08
Nicotinamide ribotide,426672.7027,525553.8278,483833.9655,440114.1863,226491.9684,425501.11,644876.7014,531668.3333,615897.7151,600034.3035,368280.2408,320588.4226,320366.8473,497187.4688,322651.4702,161428.8859,348832.2741,370075.9192,135679.4468,308547.9617,293530.3684,234764.445,264656.4686,108222.3917,282333.0103
aminoimidazole carboxamide ribonucleotide,59934.20872,69342.17978,92299.09191,106807.9566,84348.73663,212198.033,311914.7292,170232.9346,115470.1706,268588.2715,441719.841,453672.5908,459928.3478,637333.5253,512496.0067,681428.9827,492775.3236,405432.8518,491733.4931,298606.8306,778677.6197,449196.9118,342284.2719,581130.6084,982904.765
thiamine-phosphate,129878.5768,129184.15,125006.3578,129821.0378,92570.80252,135587.1127,108735.3653,120773.6682,97090.0035,102995.4239,72142.20837,95506.89945,146990.2951,123017.5236,72479.02595,91082.25438,75580.29582,57821.41905,95508.62095,71739.04071,50582.2758,51097.50332,76023.13397,76812.29279,62485.77574
dGMP,N/A,5493.814641,6308.463241,N/A,7792.199943,N/A,6519.072792,16539.00154,11713.50196,N/A,13774.66617,N/A,N/A,9215.511176,4155.597073,16799.20119,13771.60284,6298.443695,N/A,10335.04638,11919.84233,N/A,N/A,N/A,3291.992371
AMP,6274010.878,5324537.636,4689460.759,4232731.584,4493652.076,3786935.344,3980435.211,5020245.728,3164027.591,5528444.559,2659807.807,2878593.059,3112919.402,3528087.442,2582577.236,2588987.473,2646767.499,2977194.811,3535458.021,3518879.687,3043811.806,3089559.63,2681964.537,3128832.167,3179230.442
IMP,2422205.498,2011102.07,2085516.81,1551104.326,1794453.656,930995.954,1198718.735,2167700.494,4362965.243,2129589.678,594124.331,973141.9907,696074.8502,1436314.371,1777882.016,3476002.507,746154.3263,1231711.977,862494.4594,1940047.668,1893968.127,433433.9738,493734.9,717259.9151,1326438.899
S-adenosyl-L-methioninamine,N/A,N/A,N/A,N/A,N/A,N/A,N/A,N/A,N/A,N/A,N/A,N/A,N/A,N/A,N/A,N/A,N/A,N/A,N/A,N/A,N/A,N/A,N/A,N/A,N/A
GMP,593357.5816,494278.3718,567998.0171,574011.2532,532953.9433,264522.6615,408723.6089,355824.2226,447219.8217,463693.5801,176857.5151,206843.8439,224823.2413,261421.488,230502.3219,184961.1782,164725.1314,171609.1935,383987.0495,210284.7773,201780.8825,127468.8954,112118.031,154557.3256,211135.2456
xanthosine-5-phosphate,8445.123891,7601.371335,6755.064822,12668.87127,N/A,4221.061363,2533.822754,4266.561433,10134.96255,N/A,4219.401606,10134.64599,10134.82915,5901.142952,N/A,6757.608384,N/A,6755.122411,5911.127095,10131.31588,N/A,4221.157669,3377.555247,5913.227427,5067.54695
riboflavin,10840.65456,5023.874465,9022.341241,N/A,19318.09993,4239.105447,N/A,5814.334779,2464.98443,4266.354245,4230.955228,2531.202456,N/A,N/A,4400.370796,N/A,N/A,3295.517252,N/A,2475.277183,N/A,N/A,8411.746523,N/A,5949.698871
S-adenosyl-L-homoCysteine-posi,223814.1308,234512.9731,132594.4359,133670.2455,156919.5771,117380.7217,96322.12235,88722.22973,70095.97636,59924.29639,54316.39692,97955.75204,60749.16794,101311.2687,93574.8809,59115.98852,60808.70813,48138.65771,58388.54833,32042.10259,92905.35062,35474.7966,35516.86981,56611.72355,42247.7827
S-adenosyl-L-methionine,4761008.321,5409111.179,4115993.384,3964618.031,4073779.216,5873783.985,6474222.924,5490150.96,7164824.937,4894484.314,5436387.49,5652778.059,6083456.342,5925732.762,6077795.133,5567790.163,4315591.426,4220981.846,4419444.96,3946042.59,4068417.941,3017934.997,3011634.128,3378842.915,3705919.706
folate,13495.35623,24172.08314,29477.40064,19230.64054,38633.25157,17700.8768,18419.26608,19512.08841,23449.02762,12053.49784,15198.31121,18861.34606,31269.55059,49819.21124,43073.76821,22758.26797,48983.26906,28753.72946,28715.47872,17759.47824,31295.92656,29815.12332,14125.78232,20295.03196,19782.92444
"7,8-dihydrofolate",9181.503051,N/A,N/A,4120.112212,N/A,2533.849567,3396.082952,2531.05697,N/A,N/A,N/A,N/A,3327.180869,2533.674991,N/A,N/A,N/A,N/A,N/A,2533.793777,N/A,2533.679422,N/A,N/A,N/A
5-methyl-THF,28737.21075,13670.88213,28109.95099,18772.33735,13157.68392,38676.85966,32107.92421,50327.69912,52326.57952,20242.93674,57441.4974,77975.64045,50949.8435,26545.56034,31713.08901,41712.52723,37263.33836,11201.19441,51189.46222,46095.89313,42101.4104,20439.15091,36677.93672,10021.02848,34246.5113
Diiodothyronine,N/A,8435.178823,5067.420444,N/A,N/A,4280.036876,N/A,N/A,N/A,N/A,N/A,6754.935975,N/A,N/A,N/A,N/A,N/A,N/A,N/A,N/A,N/A,N/A,N/A,N/A,N/A
glutathione disulfide-posi,7723507.372,8849624.117,7683179.832,9796354.95,8313596.467,9756953.809,10601388.19,8844792.82,7907275.468,10246857.23,11210007.27,10067932.43,10403600.59,9743437.152,7963618.348,9529739.471,9469992.137,7653434.29,8674274.096,10370918.86,10116363.34,11010339.61,8055860.099,11228470.05,12698166.26
NAD+_posi,12007977.92,9364094.289,9334187.91,9720774.856,8618697.217,10367181.24,9101466.19,11247715.12,9805747.163,10020101.59,9566374.059,12302179.72,9634504.093,10845386.12,9729848.59,11686401.76,11273174.13,7611911.142,9911089.995,10751520.83,9646566.45,10963274.81,9160966.296,10245806.95,14889621.39
NADH,157065.912,195940.4963,182427.5672,131754.4651,128375.369,167223.3463,135976.3188,114864.8668,129216.118,119923.4326,114860.2465,77702.74981,43915.87877,119929.5726,111484.6305,80222.41691,12669.09903,111482.4312,58284.49584,42226.88122,77700.21849,44774.70005,26181.48067,47294.76016,103037.7973
dephospho-CoA-posi,4926.251567,12994.39038,6861.898538,5256.598272,21152.05231,8308.852448,34631.13821,34626.02274,38852.53212,32944.33334,20269.84424,35472.26386,32093.498,31245.69769,18580.03836,18580.06677,8445.115747,37159.86545,26181.16173,35474.94308,15199.88332,35472.51433,41387.98961,28717.17816,21957.41647
NADP+_posi,951209.4909,1141298.325,1205774.875,1006215.171,1130892.642,1193648.938,884905.8559,949222.7635,1110457.779,866672.0303,979780.1683,788788.0539,780203.2458,610625.2363,622488.8564,678729.4542,545864.3209,573862.8493,644023.8484,997647.0814,717472.3206,724750.2364,656677.6006,757541.9843,677932.6699
NADPH,104603.797,88480.09781,124145.3375,94975.09855,108931.9218,147435.0191,198028.036,86853.12309,111361.733,108972.6375,102190.4079,98815.36933,114801.9732,74316.30464,56583.78679,30232.80061,50663.67927,47327.40955,73382.19793,147405.2716,146373.9149,121616.3135,146601.132,75998.17936,171598.1425
coenzyme A-posi,494666.0526,396252.8045,643097.8252,380700.3379,303548.3718,582677.628,723075.0013,670463.3542,528324.0781,219999.2335,243571.3068,400433.4422,514524.5667,183111.8511,261226.4438,272995.0542,107870.98,175020.6161,69254.60994,442211.0806,273512.2835,285841.1971,325488.8934,196111.3808,165676.4148
FAD,911351.7012,773695.4174,898611.7816,691622.6419,836160.6674,1135804.71,1016015.085,1143573.868,1297324.953,1089478.983,1072571.695,616545.6927,1092069.638,773342.828,770257.3247,618270.2258,722981.3058,684951.6296,738999.14,1120745.285,926509.1833,902897.0978,875851.0092,673133.097,885971.8654
acetyl-CoA-posi,366855.9934,181411.3272,483932.7694,172309.5339,240224.9559,166210.9767,223391.5065,461068.7747,516205.9616,275590.4132,359797.9134,218382.2434,207804.2821,104865.7025,133280.4881,183425.9172,233607.4121,78545.653,273085.4676,663760.1925,351390.1512,350879.7484,406929.7138,278580.8355,495094.2037
propionyl-CoA-posi,128372.6866,87757.17944,116552.4008,112313.4829,101351.8927,17736.30021,27026.86993,10981.13177,20199.76914,16046.64258,3387.070392,19426.12732,16892.74097,8444.730724,9288.773832,11825.25559,10978.69097,6770.172089,6756.821709,23507.83581,19426.21889,16047.92704,27870.43579,11822.47249,16892.46826
acetoacetyl-CoA-posi,152866.6961,87047.72484,101344.6898,75168.59507,3700.935294,23648.68251,4830.659744,40540.05736,32101.23623,22798.9401,60831.2195,34698.49602,4243.500532,37153.12505,25908.76102,19411.39907,44792.9318,21965.57347,43607.21753,5988.903483,60759.33617,48983.85804,38808.50394,52481.46495,45726.64687
malonyl-CoA-posi,25337.79438,8442.468313,33773.99464,11878.0985,21952.2767,9291.147607,9229.298684,12669.19718,9288.514446,10113.47204,5903.381032,7599.689369,10132.72332,N/A,5067.390671,N/A,N/A,N/A,18582.34795,21955.25345,18598.29463,N/A,8443.43036,5911.237421,8444.984124
succinyl-CoA-posi,208614.3742,201852.4244,186634.346,143580.4276,138425.0098,51335.91855,56505.39343,57195.51809,59965.07538,28715.55049,20038.55628,34631.26905,50510.54487,45593.20935,44763.75624,28715.05305,11807.02475,10935.59309,28714.58024,35477.28665,46451.29638,29981.37573,42230.71912,38847.41808,31248.3008
sarcosine,37940943.71,38076543.93,28448753.71,34789744.12,31914354.68,10958251.05,9229947.789,15502977.97,25749648.28,15139683.93,10941520.02,12241006,9819566.242,12621729.8,13492269.45,17966707.11,13290196.3,15288484.51,23171155.6,15668143.56,15387193.2,11137926.83,12376982.87,12671473.21,13542419.59
putrescine,34698.11292,15588.39899,21726.45305,69668.43322,17462.11682,42651.87933,427796.2556,381748.0092,320010.1375,296471.6011,305533.2816,129062.6763,474608.6362,307638.9601,260695.729,350279.8768,278696.656,381806.2973,381082.8698,473816.2218,207183.5866,270066.7974,350704.7798,357673.9999,542698.2271
spermidine,212727.8611,97614.69386,128015.4433,153435.0624,155247.8535,106056.6327,177364.8552,77465.22441,52430.2601,93443.78626,55402.33838,150337.2415,65525.88373,72953.07522,146803.2688,131995.3848,92808.93388,211205.8898,194038.2925,290535.6118,390404.8796,187521.6812,453719.5717,584284.0397,1097309.37
N-acetyl spermine,167359.7392,166506.5393,150558.7337,182214.3828,207217.9954,267416.8556,230286.0538,233791.0398,216827.5339,203164.6542,84899.69675,263316.203,185302.9223,84298.43688,185232.5518,117738.8342,237119.1464,179851.4542,191055.8343,179887.2033,197619.0335,166669.2366,151057.9188,123266.8822,206797.1641
N-acetyl spermidine,5093.924061,24437.58325,17586.32389,18541.64387,22874.76483,34611.01539,51842.28856,31548.06439,26705.32852,39652.58839,16438.32768,39016.66109,35946.18672,30172.56683,17247.74541,33294.21919,34267.58491,46281.82876,26598.17878,28208.91993,10110.66335,15003.97745,46304.07696,29132.12002,41598.16041
Nicotinamide Riboside,7261.179567,24915.35989,19183.79414,9598.827048,7387.785519,836790.2191,5113.265064,7261.089277,875460.2278,836924.8803,11842.8204,11131.11211,1087597.235,1143396.018,14236.73804,12268.91995,1092270.611,19075.46647,7795.374759,15281.99567,20510.23703,12123.75284,1002131.258,5315.778128,20634.46519
Adenylosuccinate,N/A,N/A,9291.267495,N/A,N/A,N/A,N/A,N/A,N/A,N/A,N/A,7579.787677,N/A,N/A,N/A,N/A,N/A,N/A,5895.665868,5919.017366,3349.398257,N/A,N/A,3376.529284,N/A
cholesterol,569071.8407,977382.5051,728869.3108,675207.2261,634229.4817,504659.4517,422818.6423,467570.3299,500762.4586,474103.1767,510971.3498,525693.7427,534519.3491,584291.3658,458334.1643,616582.5804,526645.0748,875183.6298,491363.9822,418849.4911,600973.7162,527192.8478,569953.9002,476792.7091,493439.0029
arginosuccinic acid,2528649.214,2969973.787,2692064.074,2999572.018,2843976.807,2324912.079,2854669.709,2140471.468,2880222.444,2555175.163,2261717.055,1624646.132,2029311.178,2652534.372,2117444.011,2423514.025,1902406.333,2223262.322,3327549.441,2120945.345,2068370.512,1642805.293,1769169.835,1880295.286,1976964.15
phosphocreatine,11325.999,17886.44504,34922.23963,31875.8518,15475.94234,10455.7525,20977.47313,50850.1128,10661.96788,25557.87247,N/A,8417.46492,27713.983,14733.82733,10781.1486,27202.70964,N/A,8070.172983,16649.73634,12600.91195,27622.40952,4640.830211,26161.25961,50868.18966,27593.33275
retinoic acid,87903.9247,148644.722,107080.7672,113241.7066,96022.10543,85876.87466,146161.7035,64933.04537,124843.166,77548.21847,118859.8654,184821.0854,146670.5851,112666.027,145107.2659,174204.6139,99100.22294,68072.11532,119941.6719,131387.2177,176096.1704,100863.3763,93676.57294,199066.0312,206951.5103
spermine,685484.783,774444.5684,713321.5867,935881.1218,843509.7066,821980.0231,786335.1576,744983.1389,660888.1076,262467.4121,565036.0785,672085.3775,668589.7903,486984.6732,585162.8913,334583.9492,313810.1524,780518.53,610256.7989,247275.4507,477029.898,259394.4706,256241.1015,582460.9774,702817.2965
HMG-CoA_pos,10982.45263,3398.057729,19368.1264,3402.623879,3377.394669,13523.46714,19428.22244,23651.63691,20263.21731,8444.750649,16890.20739,16046.36021,18961.79088,9291.413084,5067.401425,3350.848166,4224.019373,10978.61742,10978.36961,38850.00744,32095.67956,10816.98533,16916.26347,16917.24843,26142.17987
