Sample Name,Time,glyoxylate,glycolate,pyruvate,lactate,2-oxobutanoate,acetoacetate,glycerate,uracil,fumarate,Maleic acid,2-keto-isovalerate,Guanidoacetic acid,succinate,Methylmalonic acid,3-S-methylthiopropionate,nicotinate,taurine,Pyroglutamic acid,Citraconic acid/itaconic acid,2-ketohaxanoic acid,N-Acetyl-L-alanine,oxaloacetate,Hydroxyisocaproic acid,malate,hypoxanthine,anthranilate,p-aminobenzoate,p-hydroxybenzoate,acetylphosphate,Carbamoyl phosphate,a-ketoglutarate,Phenylpropiolic acid,2-oxo-4-methylthiobutanoate,2-Hydroxy-2-methylbutanedioic acid,3-methylphenylacetic acid,xanthine,Hydroxyphenylacetic acid,"2,3-dihydroxybenzoic acid",orotate,dihydroorotate,allantoin,Aminoadipic acid,Indole-3-carboxylic acid,phenylpyruvate,Atrolactic acid,Phenyllactic acid,quinolinate,phosphoenolpyruvate,Uric acid,dihydroxy-acetone-phosphate,D-glyceraldehdye-3-phosphate,sn-glycerol-3-phosphate,shikimate,aconitate,allantoate,Ascorbic acid,2-Isopropylmalic acid,N-carbamoyl-L-aspartate-nega,Pyrophosphate,glucono-?-lactone,myo-inositol,hydroxyphenylpyruvate,homocysteic acid,4-Pyridoxic acid,3-phosphoglycerate,Indoleacrylic acid,Kynurenic acid,citrate-isocitrate,isocitrate,citrate,2-dehydro-D-gluconate,D-gluconate,D-erythrose-4-phosphate,Xanthurenic acid,lipoate,D-glucarate,deoxyribose-phosphate,pantothenate,prephenate,deoxyuridine,ribose-phosphate,thymidine,uridine,deoxyinosine,shikimate-3-phosphate,D-glucono-?-lactone-6-phosphate,hexose-phosphate,glucose-1-phosphate,glucose-6-phosphate,fructose-6-phosphate,"1,3-diphopshateglycerate","2,3-Diphosphoglyceric acid",S-ribosyl-L-homocysteine-nega,inosine,6-phospho-D-gluconate,xanthosine,D-sedoheptulose-1-7-phosphate,N-acetyl-glucosamine-1-phosphate,glutathione-nega,dUMP-nega,Geranyl-PP,O8P-O1P,dTMP-nega,cyclic-AMP,"fructose-1,6-bisphosphate",trehalose-sucrose,Cellobiose,orotidine-5-phosphate,SBP,"trans, trans-farnesyl diphosphate",S-adenosyl-L-homocysteine-nega,dCDP-nega,5-phosphoribosyl-1-pyrophosphate,Deoxycholic acid,OBP,dTDP-nega,CDP-nega,UDP-nega,Cholic acid,trehalose-6-Phosphate,Thiamine pyrophosphate,adenosine 5-phosphosulfate,ADP-nega,dGDP-nega,IDP-nega,GDP-nega,CDP-ethanolamine,FMN,cholesteryl sulfate,dCTP-nega,dUTP-nega,dTTP-nega,CTP-nega,UTP-nega,CDP-choline,dATP-nega,Taurodeoxycholic acid,ATP-nega,dGTP,GTP-nega,UDP-D-glucose,UDP-D-glucuronate,ADP-D-glucose,"guanosine 5-diphosphate,3-diphosphate",UDP-N-acetyl-glucosamine,glutathione disulfide-nega,NAD+_nega,NADH-nega,dephospho-CoA-nega,cyclic bis(3->5) dimeric GMP,NADP+_nega,NADPH-nega,2-hydroxygluterate,2-deoxyglucose-6-phosphate,4-phosphopantothenate,dehydroascorbic acid,3-hydroxybuterate,itaconic acid,cysteine-sulfinate_neg,Urea,ethanolamine,glycine,alanine,betaine aldehyde,choline,4-aminobutyrate,dimethylglycine,serine,cytosine,Creatinine,proline,indole,betaine,valine,threonine,homoserine,purine,cysteine,creatine,nicotinamide,Imidazoleacetic acid,thymine,DL-Pipecolic acid,N-Acetylputrescine,hydroxyproline,leucine-isoleucine,ornithine,asparagine,aspartate,adenine,Methylcysteine,homocysteine,methylnicotinamide,histidinol,lysine,glutamine,O-acetyl-L-serine,glutamate,methionine,guanine,histidine,2-Aminooctanoic acid,carnitine,Methionine sulfoxide,phenylalanine,Pyridoxamine,pyridoxine,1-Methyl-Histidine,N-acetyl-L-ornithine,arginine,citrulline,N-carbamoyl-L-aspartate,glucosamine,tyrosine,Phosphorylcholine,3-phospho-serine,N6-Acetyl-L-lysine,Acetyllysine,N-acetyl-glutamine,N-acetyl-glutamate,"Ng,NG-dimethyl-L-arginine",Acetylcarnitine DL,tryptophan,Kynurenine,N-acetyl-glucosamine,Flavone,cystathionine,5-methoxytryptophan,Cystine,cytidine,biotin,deoxyadenosine,Glycerophosphocholine,acadesine,D-glucosamine-6-phosphate,D-glucosamine-1-phosphate,thiamine,S-ribosyl-L-homocysteine-posi,deoxyguanosine,adenosine,1-Methyladenosine,guanosine,L-arginino-succinate,S-methyl-5-thioadenosine,7-methylguanosine,dCMP,glutathione,dTMP,CMP,UMP,dAMP,Nicotinamide ribotide,aminoimidazole carboxamide ribonucleotide,thiamine-phosphate,dGMP,AMP,IMP,S-adenosyl-L-methioninamine,GMP,xanthosine-5-phosphate,riboflavin,S-adenosyl-L-homoCysteine-posi,S-adenosyl-L-methionine,folate,"7,8-dihydrofolate",5-methyl-THF,Diiodothyronine,glutathione disulfide-posi,NAD+_posi,NADH,dephospho-CoA-posi,NADP+_posi,NADPH,coenzyme A-posi,FAD,acetyl-CoA-posi,propionyl-CoA-posi,acetoacetyl-CoA-posi,malonyl-CoA-posi,succinyl-CoA-posi,sarcosine,putrescine,spermidine,N-acetyl spermine,N-acetyl spermidine,Nicotinamide Riboside,Adenylosuccinate,cholesterol,arginosuccinic acid,phosphocreatine,retinoic acid,spermine,HMG-CoA_pos
062618QPJ1,0,469374.5489,230027.6937,173890.2871,75854869.08,1383120.24,1242742.619,1366833.711,8786009.449,23097535.45,22143626.57,22347083.11,89280.31233,25518519.76,27967239.35,56491.18055,1485208.262,38885524.26,895034.6551,12771050.82,3001854.565,24692.84089,7118740.513,547543.8337,109214191.8,750881.2402,29119.22454,82869.68698,1729228.176,770107.7901,102258464.1,8655095.199,18618152.97,14741.39302,22410112.6,68461.94125,2633238.422,192060.5074,240998.7125,558751.3242,989321.8447,3980562.867,3208638.352,1498194.828,12239.6904,137406.1918,1590081.626,2344339.783,1972803.163,6053298.441,3091339.037,2894284.182,95913041.27,N/A,4865402.425,365747.4904,24489731.21,51204751.41,256797.8568,1274688.3,191371.7138,6037408.665,164575.3336,173685.0979,178120.4121,6554872.665,57243.28978,530015.4962,104342783.7,1028591.187,58383695.74,297103.5776,11641562.26,2031247.192,1235348.207,5003.192041,186896.7369,669672.7341,872943.7118,10157.75134,N/A,10355961.88,13489.4401,5273740.765,667619.9417,N/A,44447.94614,74669610.75,2074483.115,7412549.009,6834758.538,151033.1908,68307.83889,23106.78092,42016448.57,337290.0635,723485.3452,26719097.9,11607362.12,13679711.49,43021.86762,231478.3463,1720460.192,55421.31488,1252962.959,3439832.784,44036.62175,9031.251867,N/A,561379.2508,157458.7114,474674.9844,37900.12759,96018.29994,N/A,436951.896,63915.36178,231775.2664,2096287.07,6746.668942,4223968.018,739334.3298,100890.4567,8560513.258,7989918.752,1028069.436,122302.939,394264.1759,25303.17675,598013.9077,108949.1499,32878.60096,395840.5826,1394127.468,15442854.73,144424.4188,200805.5895,21295.37677,57394026.6,57156825.88,2136407.057,11543318.26,290526.6489,N/A,8474.918853,7294621.741,29895430.2,9399315.627,119931.0779,4222.863751,3285.686599,866523.7263,66723.42318,72634961.39,2697201.066,33265.15579,1983134.716,1353963.516,12771050.82,89114.3421,3970737.406,1239019.9,13512.46792,44036186.71,114190.2054,453812.5434,507501.0282,974683.2874,20299656,1576580.323,N/A,178128711.9,731146.6351,30205400.64,6268376.352,52282667.28,72080.6371,1148203.764,47519.26389,27216.27311,1421664.15,85723.25448,21100.53022,35243178.9,9244.109608,27154.7781,240395199.3,86321377.24,37027022.4,7849558.244,3612527.454,3612527.454,57688.91801,7081.823866,3376.708799,91657865.76,127097578.7,5020.265716,65000813.38,13602114.39,550090.7756,188006016.1,18383.87626,30561494.36,99533604.69,79760438.49,N/A,8196.850416,2796703.58,6936.897306,151667534.2,440851.1198,116561.6679,66585.09419,14705831.36,459837649.3,868571.3912,36778719.13,33853948.03,155349.5225,193780.7518,8354116.404,52527141.91,18089025.49,1934717.353,5150226.366,4458.755404,5945719.371,14308.56549,39674.07178,17838070.61,1189993.528,45619.27287,11542744.98,24455.6299,693458.362,30088.27095,14336.44061,346112.3325,307084.9042,1427221.668,48932.59017,507063.5205,2675770.129,N/A,N/A,89525.4606,16374881.09,26847.904,944404.0782,329878.4874,166330.5737,426672.7027,59934.20872,129878.5768,N/A,6274010.878,2422205.498,N/A,593357.5816,8445.123891,10840.65456,223814.1308,4761008.321,13495.35623,9181.503051,28737.21075,N/A,7723507.372,12007977.92,157065.912,4926.251567,951209.4909,104603.797,494666.0526,911351.7012,366855.9934,128372.6866,152866.6961,25337.79438,208614.3742,37940943.71,34698.11292,212727.8611,167359.7392,5093.924061,7261.179567,N/A,569071.8407,2528649.214,11325.999,87903.9247,685484.783,10982.45263
062618QPJ2,0,418214.8939,32996.67544,152388.47,76501358.78,1306224.973,1054483.204,1270329.083,6793972.488,23546655.96,22895312.51,20811807.04,56270.21062,26584099.43,30002920.36,56560.3633,1481321.67,40132927.78,955289.0849,11473555.92,2283738.648,N/A,7152659.8,453640.4015,115254892.6,898247.7927,88049.98028,51442.70338,2497670.641,790593.6023,78265300.86,9385642.769,20774099.97,N/A,20654383.78,9180.821374,2528183.174,197680.1946,240947.125,540993.2863,500028.374,3390307.619,2534942.219,2494774.231,18042.54864,105568.7827,1731474.472,1129981.643,1937138.897,6647084.202,3679390.386,3208900.289,96375444.77,N/A,4728736.635,221732.1103,12867463.38,25440362.68,266059.1619,1226721.636,284876.9816,5918561.369,153210.3426,199796.4874,211150.7076,6808903.108,96131.39332,565939.0166,112053028.4,834992.5331,56310089.49,358345.9268,22124250.8,2178209.449,1367136.413,N/A,193048.7991,512122.0783,655281.1861,N/A,N/A,9708390.433,4700.030983,5487622.514,619725.9012,N/A,70381.4545,71686317.85,1867467.884,7057023.176,6556015.896,175620.7047,86606.95546,17990.50267,48369142.23,354551.1314,740508.1552,32514526.32,12688789.17,11040316.05,95860.72543,193112.8815,1833097.543,52968.93929,1269358.862,2962378.52,75853.86753,5452.652857,N/A,605890.5993,170775.0899,540627.2269,31416.37965,101096.4369,N/A,575276.684,72013.55032,252283.8372,2446519.907,7265.660903,4684518.094,621313.5753,97060.99134,8457115.007,7509899.309,1204091.635,118400.0488,277363.6433,28773.5867,469330.9239,129780.1464,18526.00371,349358.2805,1389250.298,13709391.1,123307.7354,204307.455,10419.76326,57654731.15,52948224.98,1963839.596,11915462.89,290601.0478,7590.001376,48417.65397,7489085.723,29284915.25,8640261.473,142733.0257,15200.37587,N/A,761572.3188,79390.55196,64040195.36,3155855.686,31207.20948,1259798.112,1380323.714,11473555.92,93739.91233,3370548.945,837740.1192,20267.34793,44106773.83,157224.749,183181.0765,541589.0576,1035768.068,19330981.61,1589206.225,N/A,182999441.6,782148.7882,8139972.64,5185995.04,50794248.7,65642.02339,1222050.525,39167.75453,18333.5046,1835154.456,232061.1035,14200.62652,33512687.12,9040.364278,68401.92967,237284878,81826464.29,36643613.08,10812042.64,3681105.676,3681105.676,36584.6465,12170.8012,N/A,94238787.47,129076582.1,N/A,68719635.45,12740978.75,512973.0917,192337101.8,10125.59945,28388495.75,90852087.86,83217733.5,5885.002829,13425.77725,3729135.908,N/A,179097031.3,437910.1018,134243.6565,120491.7245,13210267.7,441628043.2,733802.6664,34144532.13,31894333.06,177141.1714,285641.4359,8421594.475,59657088.26,17824975.27,1546800.563,5705514.556,8988.774507,5434753.185,7597.956824,25335.32257,20922072.84,1150891.298,37538.64473,13862896.3,17325.20211,679541.2597,26948.95128,27538.85871,406846.8967,306306.1695,331741.7899,47950.06225,674706.5848,2999181.718,54741.90663,N/A,80734.48243,14199302.29,27871.34341,784394.8131,517105.9602,196825.8848,525553.8278,69342.17978,129184.15,5493.814641,5324537.636,2011102.07,N/A,494278.3718,7601.371335,5023.874465,234512.9731,5409111.179,24172.08314,N/A,13670.88213,8435.178823,8849624.117,9364094.289,195940.4963,12994.39038,1141298.325,88480.09781,396252.8045,773695.4174,181411.3272,87757.17944,87047.72484,8442.468313,201852.4244,38076543.93,15588.39899,97614.69386,166506.5393,24437.58325,24915.35989,N/A,977382.5051,2969973.787,17886.44504,148644.722,774444.5684,3398.057729
062618QPJ3,0,488128.5297,225278.6913,75355.3178,58536824.59,1243081.305,1154784.47,1295107.42,6136369.061,24728495.38,21953913.46,20944552.01,16900.94702,17599623.25,20559797.51,61625.64718,1506703.114,27285447.81,1111276.497,10834910.06,2453057.096,59667.89227,7015662.202,508695.72,106510596,760588.8349,49756.33815,81250.08698,2915609.099,622623.4371,57857443.01,10631191.9,25857956.08,23521.24838,20344302.38,164736.4159,2153878.318,240210.5934,223503.503,312406.5868,390681.3311,5006739.053,1833181.324,1698199.476,N/A,150543.4253,1322517.945,1327481.902,2346028.317,4496101.566,2679551.804,2708725.373,78209476.51,N/A,3255847.031,168423.8439,2211795.074,5250639.532,115374.4294,951877.8674,237455.6582,5995801.082,187487.3178,110621.2893,359806.4643,6029043.621,375046.6697,395903.4379,93515585.61,460715.273,35351363.32,509026.139,15634988.41,2021939.451,1629924.222,N/A,125469.5542,751598.6737,7255830.799,4221.09953,N/A,7959613.006,26419.36613,3591869.524,45448.13165,N/A,82177.26501,76698057.24,1611477.16,7013948.106,6926780.529,134257.9526,114043.4923,10946.16347,36593775.07,488929.5973,499969.1214,30425666.73,8095952.347,8562908.05,69625.0722,307657.4656,1949373.581,51981.51409,749136.5174,2784541.318,72520.09579,8398.351688,5779.163987,675298.8491,141043.7647,308752.1834,18141.36301,94618.92502,N/A,572975.7868,40328.89817,234635.9233,2195897.027,9160.716301,5511854.075,556038.456,112327.166,8517932.272,8431767.84,1152169.021,143589.9082,269083.5959,19954.11481,544831.1296,96016.7173,27001.1771,272981.3711,1263675.593,14176282.74,103039.6858,152848.0164,39754.12543,60872977.37,64345238.35,2074491.635,13518794.42,228036.3012,5076.57066,39590.1505,8455622.032,31408480.65,8116324.129,117399.1299,27087.99962,N/A,883839.8581,91212.37616,67253141.41,2964439.816,25144.0746,425555.9912,1083973.016,10834910.06,97975.41218,3955598.201,759914.1645,24494.09567,32930659.92,130891.9379,140187.9737,438436.461,972529.1721,17683209.18,1749825.147,18087.7192,195199521.4,537498.6158,20140660.17,3099203.763,42354807.71,22521.62217,847447.7015,83851.84182,46701.22003,2008594.752,237080.0293,57028.12445,45987042.29,7937.658122,42913.88164,181869070.3,56751292.65,34417499.46,9413081.811,4155088.887,4155088.887,57032.71319,8122.959487,N/A,67516770.18,137390989.6,N/A,74542306.15,8904839.7,452409.6658,200021188.4,14547.07424,31912695.3,80568632.21,66987491.14,4217.917179,18155.5877,2877993.552,5374.614818,156516432.2,388816.5946,81802.5807,205740.1027,14285630.27,350074063.7,763869.5882,26987975.08,26051974.12,207245.5636,291801.8111,8261107.557,70731640.94,20449938.2,561468.0186,10661763.37,N/A,3159588.48,8809.185658,48022.51821,10212265.02,955894.8498,16916.0096,15221311.15,8566.374199,797684.5592,9321.420084,14047.19357,845110.3096,409634.2792,2497611.454,62869.3105,577939.5071,2972183.255,N/A,N/A,54053.38478,11361082.69,18025.93527,550396.5315,341337.4821,112091.4145,483833.9655,92299.09191,125006.3578,6308.463241,4689460.759,2085516.81,N/A,567998.0171,6755.064822,9022.341241,132594.4359,4115993.384,29477.40064,N/A,28109.95099,5067.420444,7683179.832,9334187.91,182427.5672,6861.898538,1205774.875,124145.3375,643097.8252,898611.7816,483932.7694,116552.4008,101344.6898,33773.99464,186634.346,28448753.71,21726.45305,128015.4433,150558.7337,17586.32389,19183.79414,9291.267495,728869.3108,2692064.074,34922.23963,107080.7672,713321.5867,19368.1264
062618QPJ4,0,435168.0492,217193.2847,114685.3236,62249616.13,1396501.948,1257138.686,1174529.21,5455760.503,23563299.71,22096262.43,21572401.29,65413.18962,18280825.57,20460483.29,43914.49563,1582198.155,30421552.11,808120.7931,11561965.55,2549944.616,16028.2629,7580298.14,403309.6061,113779530.8,649551.492,67003.51591,50377.51673,2914631.743,586953.4652,76314921.15,8743123.937,19168247.1,6325.414256,20852824.68,122074.0574,1806275.428,226794.9993,353965.0893,454139.8974,373397.5659,4779976.541,2117808.532,2131918.59,7634.822502,145643.0997,1523139.693,2847195.886,2022735.827,4249310.644,3611236.697,3078566.293,81091521.71,N/A,4353637.993,212374.55,9837240.132,15777869.75,184934.3783,856005.852,160162.6918,4568921.831,158102.6909,131856.118,168756.3243,6904321.479,62797.31688,418908.4271,122558298,647656.9447,49486472.7,254710.0654,10136966.67,1908897.156,1173564.621,N/A,132637.6734,543248.4837,770866.8979,4200.205179,N/A,8314882.903,N/A,3502775.681,55242.49537,N/A,57263.04494,71927697.93,1514996.234,7367744.025,6910640.373,173592.242,63979.6232,26382.92522,31057957.28,333554.6479,504141.7495,25861305.19,9017084.877,6888900.311,39554.16816,253342.9311,1976882.797,63702.08921,832935.6009,3016825.751,61612.69485,N/A,12373.87368,557298.2255,125943.7192,308567.7557,21943.62334,87191.75155,N/A,711537.9183,34739.41376,235164.632,2065667.96,12668.09151,4216832.93,505996.1279,89833.67451,7498928.468,7258487.205,935951.5901,132131.1648,245147.4177,20185.73895,639002.6362,105565.7457,27557.98849,241899.2808,1303577.533,13336058.56,56585.25198,154259.0414,40474.54457,63460388.59,60453314.52,1787104.052,10724855.77,243712.7783,N/A,57407.64829,5577745.031,27573274.44,7903166.089,110239.5752,11815.96069,N/A,760180.4554,74510.98463,64040778.45,2347520.812,28916.93981,1477859.098,1050974.187,11561965.55,128357.9447,2351787.472,858417.3764,13515.04322,37615299.74,186963.7872,N/A,468116.1602,818702.974,17020778.58,1540821.79,N/A,178257367.7,584360.7442,34218842.87,4301969.008,43239937.41,35485.37058,1073656.86,85374.38109,37034.9936,1550315.941,243513.0598,41157.047,36432114.71,12508.25086,32562.15748,211156578,56475119.6,33068375.64,11269666.97,3301892.246,3301892.246,57592.79041,8014.768819,N/A,66332837.91,116769883.2,N/A,67208839.9,10470575.94,522377.5855,195402548.2,11617.18066,32327473.61,79773019.08,72408759.72,7622.548547,N/A,3018448.398,N/A,147783644.7,368265.2804,87347.01773,108420.214,12171192.06,360263278.9,735677.1771,30954767.56,22968066.11,214407.7986,153815.1621,9255615.81,64276958.6,14907356.17,843699.2187,6764849.383,7931.358053,4184337.129,5028.753408,110387.6901,13010905.53,1042337.966,54205.89433,10138253.31,18528.74892,841725.5538,30386.89956,9287.112331,522700.0734,264886.2348,1417976.542,35783.50695,692446.2231,2762049.903,N/A,N/A,55401.80124,9073499.53,16018.81488,769986.8062,426883.7727,152983.3724,440114.1863,106807.9566,129821.0378,N/A,4232731.584,1551104.326,N/A,574011.2532,12668.87127,N/A,133670.2455,3964618.031,19230.64054,4120.112212,18772.33735,N/A,9796354.95,9720774.856,131754.4651,5256.598272,1006215.171,94975.09855,380700.3379,691622.6419,172309.5339,112313.4829,75168.59507,11878.0985,143580.4276,34789744.12,69668.43322,153435.0624,182214.3828,18541.64387,9598.827048,N/A,675207.2261,2999572.018,31875.8518,113241.7066,935881.1218,3402.623879
062618QPJ5,0,355166.7137,205416.8459,114630.0498,74794926.55,1115271.714,1110636.044,1103227.589,6413259.184,23636202.01,25670179.37,23081338.13,45001.73964,27303095.47,30339277.1,46471.71125,1395634.275,29671064.86,223511.4205,10216677.41,2224801.948,23839.18934,7318888.376,528070.7745,116119681.4,859619.0663,66020.12568,33198.12694,2182582.058,578912.7937,66679221.61,8967939.726,21227031.28,N/A,19253298.17,11021.71363,2315348.484,234433.6368,190152.9267,394383.7274,499245.4692,3349819.407,2281482.363,2670282.518,N/A,133622.9135,1994161.327,982570.559,1975029.746,4596024.278,3471391.336,3241631.799,88087844.84,N/A,5087448.133,178944.9843,5144516.885,13627739.66,143977.5106,857898.2266,110765.7913,4932411.261,255407.0083,172036.5282,138358.2054,5921719.656,480120.0693,413996.1317,98251905.67,818426.4151,44545062.87,310759.1083,8053723.475,1915765.071,1467338.917,N/A,92159.43401,508303.5577,1154224.571,N/A,N/A,7589843.582,2539.574784,5449005.927,73727.21854,N/A,39946.71563,73940197.08,1994519.431,6067258.12,6423332.628,211959.529,46036.22123,19082.04355,48462164.39,293987.3602,701546.8574,27278931.25,10993523.43,7188163.072,46401.99559,262279.4771,1690176.634,50136.0809,1051284.459,2531767.483,70479.19268,11589.73823,6386.953161,623700.5097,155867.0353,399586.1968,21849.77255,59870.68785,N/A,545457.2937,47586.45821,199366.3196,1866316.74,N/A,4259443.768,519568.9259,87253.91116,7994061.309,7611482.77,1007475.253,105511.6705,258945.6607,25717.96636,382252.2356,81096.99027,24051.55141,229003.2417,1178750.767,13521268.11,99656.66844,137262.4747,33391.79383,56062724.91,55947715.75,1294951.791,11601525.03,255078.7915,11803.75599,48137.1815,8256411.525,34639696.45,7922145.918,122428.2726,14276.10497,N/A,795693.7841,63344.43321,59495680.06,3116915.933,8565.814005,979247.3539,1156058.928,10216677.41,120836.7017,3295102.407,742177.8445,19423.97004,37019300.97,113471.1603,123294.4445,393698.0126,1021305.563,16954107.48,1623409.857,13818.17204,188327685.8,651770.4739,8230077.197,4118607.507,44851502.02,63453.90281,1255115.543,29574.43441,30874.36336,1818240.265,256417.034,18482.92432,33534466.4,N/A,40961.03378,207410369,71378778.31,36723228.19,11618421.74,3615874.784,3615874.784,54328.79824,N/A,9340.556356,89092473.73,128236035.1,N/A,68438308.93,12094830.48,542112.469,188122880.2,8873.291325,32934940.57,87503521.8,90479063.29,N/A,5869.730272,3024691.034,N/A,157666288.4,274794.2595,115264.3121,148220.5556,15058963.05,393331923,1014268.407,33116048.65,31112652.13,330915.3714,211211.0272,7208622.538,60960693.6,18444790.78,558766.2926,11154339.22,N/A,3799448.507,5354.211408,40543.49052,20669239.35,1171777.649,68423.94346,10211062.07,3397.937485,657764.2342,20948.67283,28617.36976,521064.9587,307529.0683,1108238.435,47332.36338,897786.9385,3567082.911,N/A,N/A,51538.90004,9145385.113,9089.661552,579113.5939,432252.2389,130623.2955,226491.9684,84348.73663,92570.80252,7792.199943,4493652.076,1794453.656,N/A,532953.9433,N/A,19318.09993,156919.5771,4073779.216,38633.25157,N/A,13157.68392,N/A,8313596.467,8618697.217,128375.369,21152.05231,1130892.642,108931.9218,303548.3718,836160.6674,240224.9559,101351.8927,3700.935294,21952.2767,138425.0098,31914354.68,17462.11682,155247.8535,207217.9954,22874.76483,7387.785519,N/A,634229.4817,2843976.807,15475.94234,96022.10543,843509.7066,3377.394669
062618QPJ6,2,29560.80963,251688.8769,65114.51832,35771480.63,1959074.802,1876513.343,813336.703,2911018.797,16714758.46,17433575.49,15733715.47,659633.7427,18405521.68,20887982.96,8202.500901,2017475.146,30244774.47,238179.5961,17341754.56,3279999.435,53028.77206,11018841.8,298420.6715,89525649.32,859980.0628,50432.6276,63769.48944,4063301.253,297392.8234,79952671.3,12073809.59,28622889.63,17064.77779,27176269.18,103243.7891,1785940.914,177408.6311,302294.496,804269.588,699320.8752,8216909.107,2273890.529,1963945.881,3384.290777,24947.57609,157877.6839,1987832.31,2124049.908,4108119.455,2616475.782,2534990.756,73390794.29,N/A,7596664.49,191573.2694,7127087.381,14256381.5,189202.2352,1458360.012,88794.77173,2646852.857,35313.50287,131356.4292,413658.8537,6725256.529,N/A,304913.8664,163453323.8,1218837.849,95361697.1,110664.6541,6715709.716,1628164.095,724034.3652,N/A,124246.9053,296072.216,2419482.477,N/A,5613.044429,3593776.87,N/A,1482650.748,38808.36005,N/A,6564.467348,53744546.9,1182411.618,4821863.406,5202499.801,214433.9943,106023.0286,5757.345996,27425471.19,159387.9725,195707.1515,17846914.82,10323001.66,7282579.491,50662.93514,75445.75172,1522033.028,27622.42135,681201.2675,1737487.154,77578.5724,N/A,N/A,407624.7696,110450.3289,154037.772,38475.54221,51229.84484,N/A,286432.9966,30466.03625,218966.7501,1790526.615,8444.084697,3556697.483,643326.9144,96078.25318,7802181.368,8397317.592,1039063.009,105178.264,364514.4581,10365.0766,423965.9704,97799.40024,16873.42379,223191.3027,1641516.32,16512983.24,76885.81031,172092.7209,17421.40868,79998771.65,79855039.88,2123055.986,11940487.92,311586.9546,N/A,75168.64993,7579919.401,23231652.16,9286086.684,118240.8565,20825.72456,N/A,642152.826,113174.4236,81711777.38,4207092.73,25257.90388,1561213.045,997710.2791,17341754.56,29558.28389,2957463.468,694407.7891,4221.176252,12286502.31,191481.9957,387373.2517,441960.3832,618395.279,12930798.87,1911601.953,26748.11498,192366895.4,101993.0101,30390231.39,235658.3385,23025553.72,47707.83635,124621.4499,128007.6426,N/A,2293696.307,222978.7674,N/A,46623855.9,23588.40536,23074.50133,39375827.79,46657497.95,27483607.45,6079420.32,2751324.656,2751324.656,32342.91291,15187.43521,N/A,71058140.49,152157187.3,N/A,93906522.3,3321518.56,207017.6241,214486600.7,16964.72336,38580308.95,90177140.52,8729707.815,N/A,6732.338329,3397369.967,4710.717812,140420815.2,333588.0704,78581.53393,48826.36412,8043314.954,457945854.5,1375794.298,18596920.26,13487496.55,350742.7619,253805.4112,3231322.734,72376490.48,5491947.656,24821.5258,10258927.33,9767.270509,964764.8955,26981.24218,16833.74936,2178267.473,1015104.81,60257.82879,21475601.23,29561.03066,686280.2001,21253.18656,27458.43623,672208.5007,70822.39961,835314.606,14798.76725,254782.0143,2951735.22,N/A,N/A,41374.1146,9700832.706,N/A,744919.4053,442046.5825,203780.8502,425501.11,212198.033,135587.1127,N/A,3786935.344,930995.954,N/A,264522.6615,4221.061363,4239.105447,117380.7217,5873783.985,17700.8768,2533.849567,38676.85966,4280.036876,9756953.809,10367181.24,167223.3463,8308.852448,1193648.938,147435.0191,582677.628,1135804.71,166210.9767,17736.30021,23648.68251,9291.147607,51335.91855,10958251.05,42651.87933,106056.6327,267416.8556,34611.01539,836790.2191,N/A,504659.4517,2324912.079,10455.7525,85876.87466,821980.0231,13523.46714
062618QPJ7,2,312148.5044,231209.0194,N/A,28513078.07,1507734.703,1618358.879,809177.3212,3583761.198,13921046.74,13086096.99,14069404.05,630852.7946,14908222.86,17276592.72,75053.61044,2109302.389,29799989.98,272420.1968,16888173.81,2479425.523,N/A,12443117.37,382009.837,72832094.4,1230608.82,46106.89414,64113.64744,3982662.389,343895.2499,85814984.19,11055215.47,27401757.75,6536.956486,20680525.19,111450.7232,2313220.817,223182.1759,337548.9335,1015034.279,509096.6218,10397478.53,1911224.322,2119356.602,4812.09197,27853.14757,200957.7621,1511568.35,2677559.314,4273170.618,2363325.297,2372163.539,63995487.11,N/A,9995951.267,157250.0585,14626158.47,32516960.33,169919.5856,1017143.534,110911.8447,3085673.985,44736.30931,120342.9963,316893.8572,6189946.003,330016.8223,398931.9223,189976884.5,1568886.501,103816990.3,126552.7137,7209507.792,1454054.164,727654.689,N/A,134564.9816,351569.0714,1402745.61,N/A,16768.92426,3713552.455,3553.018112,2099780.951,294990.993,N/A,14364.14537,51463930.83,1299741.189,5133689.838,4628952.963,266976.7959,103115.7884,N/A,38205853.87,146513.2429,248387.4769,15580144,11820360.55,10876653.37,46990.48023,410870.9094,1399964.553,25678.0854,790868.9106,1052627.467,49683.70203,N/A,6712.941747,269972.8671,119010.3605,180868.8743,59131.03449,49480.54807,N/A,260035.1175,34248.78191,179218.3442,1414512.875,11824.73334,3928404.634,772295.7273,85843.1105,6790497.845,6732325.331,888791.795,112457.3516,353346.592,26845.87912,400171.2263,95439.29306,26158.3993,214086.74,1098051.138,13858422.67,81917.33109,186404.5275,10774.24901,71436576.1,68082725.55,1594572.001,11698569.2,315872.1771,N/A,45606.95089,7837982.21,26329942.23,9109885.107,106420.22,33138.13943,4541.132424,462829.8369,177361.9476,64604664.73,4343782.815,28687.19771,3059959.275,1051742.22,16888173.81,78104.8845,3319914.64,1104522.661,5911.069763,10039310.56,172643.829,279381.249,333650.1901,556953.7666,12627672.85,1790687.862,71735.085,199527638.5,220399.8251,39491565.61,305177.2465,30637457.25,20273.48702,192282.0222,183915.6197,23393.69186,2000243.621,153227.3842,33498.86928,41372371.08,27937.7233,27906.43154,36988396.19,66108930.09,26111810.3,6376370.07,3904327.362,3904327.362,17855.80243,10096.08416,N/A,82922868.68,148782075.1,N/A,86338409.64,3539233.88,250405.8359,199366149.3,19442.50341,42260036.76,100963158.4,13538869.84,9363.064115,12668.88047,3455348.085,7071.577913,108920990.5,379757.128,96279.09441,50971.15851,12624841.54,455253103.5,1309794.712,19381860.69,13258620.83,429519.988,177735.91,3413920.576,69682982.2,7103129.867,21971.45557,10317062.44,8103.416082,1514777.064,N/A,5908.11707,3011082.07,997302.0629,53435.79169,19435651.26,4788.874857,637219.4814,30344.00883,11827.04962,636566.5763,82895.62264,3766550.394,33230.53878,285574.7411,2948346.789,70274.78945,N/A,28775.13883,13966135.18,12667.70054,869889.5514,282057.9192,185139.8801,644876.7014,311914.7292,108735.3653,6519.072792,3980435.211,1198718.735,N/A,408723.6089,2533.822754,N/A,96322.12235,6474222.924,18419.26608,3396.082952,32107.92421,N/A,10601388.19,9101466.19,135976.3188,34631.13821,884905.8559,198028.036,723075.0013,1016015.085,223391.5065,27026.86993,4830.659744,9229.298684,56505.39343,9229947.789,427796.2556,177364.8552,230286.0538,51842.28856,5113.265064,N/A,422818.6423,2854669.709,20977.47313,146161.7035,786335.1576,19428.22244
062618QPJ8,2,282065.8511,170117.3101,66930.2155,68136017.18,2561985.799,2423702.239,662979.9487,7481904.068,14783869.82,15774198.68,14370893.61,13437.26796,16645539.91,19001893.46,53041.70586,3028505.905,25091122.58,278713.9662,22052359.61,5869362.583,73393.07561,9846860.778,393866.6698,81577734.6,1328906.028,49210.89307,33357.10995,3612065.369,238775.4384,57456044.31,12532039.68,29285371.12,10140.78919,43004689.1,19822.31296,2557311.429,239882.6848,219717.7514,534347.5973,641494.197,7603311.758,1786085.396,1709808.176,18134.83749,24946.4819,296428.6092,2085367.929,1830470.378,4344659.428,1823478.345,1588500.857,61458816.28,N/A,6033530.536,175048.0796,2799244.129,5826812.218,189115.2898,961577.5564,66031.9501,2300012.115,49884.81081,103448.817,143732.992,5587058.957,300465.5271,215073.2985,170416828.1,876297.1482,78855009.43,89071.85367,3740825.094,1607471.627,876091.6204,N/A,60252.72854,231341.3504,4990191.067,N/A,N/A,3127159.367,5066.478413,2249861.281,102486.0515,N/A,40187.83869,48018658.58,1414533.737,5930527.027,5186204.69,236083.0743,72330.27472,8588.908483,42716291.28,162038.9375,514085.8398,13396962.47,8371735.048,6847897.819,20646.69234,556843.6857,1334461.044,15660.94915,784869.7679,912199.1792,68705.27155,8338.435002,7415.535004,251838.6652,135399.5901,131721.1047,28781.02412,48965.02995,N/A,175456.2024,23537.81014,160585.3343,1180208.904,N/A,2936233.512,852673.6272,89477.82571,6993814.781,7414053.4,1060831.23,108924.6636,351820.3682,18358.94094,464882.7246,53129.53487,8630.68574,119238.8454,999600.0964,10749513.65,165538.6791,126534.4823,9945.738727,66397887.69,63338944.22,1162112.932,9908169.823,267729.7178,4365.013978,65844.75154,7477122.619,22936504.65,7966618.308,80936.6433,11740.6041,N/A,759859.6067,76822.62299,123557451.5,5345385.461,3190.094898,1863706.966,766087.8154,22052359.61,62499.19054,3119615.29,1231237.315,N/A,18271296.85,105582.7509,256244.3223,538934.7794,469079.8652,14355223.75,2084299.137,16489.42195,182630675.7,224978.5043,12151369.48,360980.2089,25802689,3292.829161,253696.5485,136818.8551,25178.97609,2314433.976,112222.3931,61696.51518,39450244.8,13763.11898,6896.782159,79087594.39,43888726.6,28804156.25,4392149.257,3947187.853,3947187.853,21540.02199,N/A,N/A,58344880.91,155836296.6,N/A,78593660.26,4506748.532,262161.6668,213800807.7,8600.158563,33539441.28,77586080.37,17317393.61,N/A,N/A,3204299.787,N/A,142492270.4,323674.4898,106419.7575,36541.00809,12885104.87,389430346.7,880874.7608,20045364.76,16279669.34,459200.3581,292789.0713,3514196.448,86227196.96,10419515.14,51230.55022,12800029.3,27588.77961,851081.9774,13956.31145,58991.44595,2834107.809,973377.4048,40697.06315,20569494.5,16877.06493,525325.0435,5957.241375,11034.99301,1032894.336,35203.92222,852949.0015,27559.91851,303549.9524,2489791.676,35750.6373,N/A,45609.67018,11305682.85,7601.030444,709896.219,251590.5408,179524.9818,531668.3333,170232.9346,120773.6682,16539.00154,5020245.728,2167700.494,N/A,355824.2226,4266.561433,5814.334779,88722.22973,5490150.96,19512.08841,2531.05697,50327.69912,N/A,8844792.82,11247715.12,114864.8668,34626.02274,949222.7635,86853.12309,670463.3542,1143573.868,461068.7747,10981.13177,40540.05736,12669.19718,57195.51809,15502977.97,381748.0092,77465.22441,233791.0398,31548.06439,7261.089277,N/A,467570.3299,2140471.468,50850.1128,64933.04537,744983.1389,23651.63691
062618QPJ9,2,211702.979,168590.6928,94363.84307,100951231.9,3351267.443,3286106.721,762217.3431,10402599.99,14443650.23,13520712.85,13422137.02,989959.4947,15576755.05,17017446.33,51064.25723,2099540.191,27136287.31,1514559.446,31143855.85,9709939.756,58458.3817,8177740.239,393725.3637,77327046.06,2534428.978,29422.36519,55414.39833,2020130.504,297640.1462,43902152.62,11134337.56,24361636.68,9340.622895,66413597.66,202889.9092,5004855.794,285078.2758,161400.7945,171567.393,531315.756,9230559.835,1979989.816,2235858.841,9606.949605,58853.81458,599762.114,1043065.212,2212885.682,7494786.817,1874407.433,1711112.98,81585421.87,N/A,4491769.111,347485.1483,9570858.104,14438106.57,333272.8441,1155244.001,68221.53053,2430329.455,109735.5068,112823.3557,211765.3226,5976707.214,9188.524539,215432.2476,132834244.5,799508.0165,67688625.03,104593.966,4529442.004,1970001.542,975864.0847,N/A,68123.51566,678846.8276,3455436.282,N/A,N/A,4369344.244,N/A,3201917.834,154844.9001,N/A,21616.38894,68299644.51,1765989.652,7021959.058,6564060.74,317781.3058,83733.86794,17431.77914,68789742.02,302440.6431,253860.6387,19832787.43,9630749.817,5435524.142,29922.30301,752230.4508,1627532.716,24905.12052,652925.899,1084658.816,77378.31608,11550.60519,N/A,423072.1007,109781.2238,147052.2573,30286.99286,90543.96841,N/A,283297.2371,7779.159281,175386.8,566364.3669,N/A,3874176.797,506530.9393,90366.49215,6403154.94,6893065.128,842853.2815,131642.3755,363618.301,10978.5621,383867.4374,35470.85125,22054.33047,152620.9456,691234.4956,7842791.375,250012.9973,117791.9216,21729.86865,69532593.38,61758878.44,1430851.798,6443216.559,204351.9474,9288.356283,73572.29058,5676756.105,21753277.15,8208756.617,75048.56437,17885.52333,4221.245322,742595.7588,70903.01569,154416864.5,6150774.545,21189.84946,2389839.884,762302.9086,31143855.85,88464.84526,2849582.607,1201813.853,5908.860053,29148405.24,120268.084,127409.736,714565.0788,502680.3879,11542922.9,1754934.204,N/A,188253110.5,282921.5773,16645004.9,524134.7412,26837199.24,16044.04811,413549.9964,95523.58766,30035.10685,1968310.972,191640.136,21123.6403,34639036,24373.36755,41038.24521,117243772.7,49241985.37,27634351.34,3849448.96,6803147.247,6803147.247,11999.75706,12022.16842,4221.238611,60425048.94,148362485.3,N/A,73175706.15,6709705.215,276410.2828,201642254.1,22030.56908,30336069.53,79014572.92,35638353.7,N/A,N/A,3312712.938,N/A,152777408.8,271122.3313,89505.34141,52353.05545,26616389.25,316356517.2,476546.9121,23491808.21,21688503.77,396745.396,269133.9407,3766472.48,93548712.36,10082089.41,120437.9092,13641885.65,39098.71613,999038.129,12224.92879,30029.11161,2800090.659,1243163.588,58618.41228,19252513.66,32092.87329,449587.8152,11915.73397,13807.39001,1062517.448,79165.28486,789100.6097,35925.07191,426006.177,3179353.309,N/A,N/A,34952.66871,8446128.005,21113.66599,893194.7322,203779.8359,208459.0918,615897.7151,115470.1706,97090.0035,11713.50196,3164027.591,4362965.243,N/A,447219.8217,10134.96255,2464.98443,70095.97636,7164824.937,23449.02762,N/A,52326.57952,N/A,7907275.468,9805747.163,129216.118,38852.53212,1110457.779,111361.733,528324.0781,1297324.953,516205.9616,20199.76914,32101.23623,9288.514446,59965.07538,25749648.28,320010.1375,52430.2601,216827.5339,26705.32852,875460.2278,N/A,500762.4586,2880222.444,10661.96788,124843.166,660888.1076,20263.21731
062618QPJ10,2,33734.04825,223445.2258,42622.69805,79327269.96,2273192.458,2162989.069,709681.7816,5240343.815,12339045.07,11175275.85,11988138.92,8018.53372,16637172.9,18357113.9,49828.36527,3010049.658,31196903.69,199214.2382,24462289.72,6379168.198,40604.05716,10112083.92,369037.2787,73226898.98,1779656.363,60486.47111,55802.9257,3111377.732,295125.8553,81378246.65,11079006.05,24805120.98,10135.46247,50671342.87,230652.5163,3436967.383,230163.172,330025.5001,705732.3587,593228.696,8672142.22,1871272.173,2097624.124,11633.83701,28515.84576,282074.9199,1609748.895,1390444.545,7018681.553,1882061.385,1536604.922,70383920.74,N/A,6817846.603,195528.4934,11700982.88,21268780.37,199107.0083,764712.3981,47963.18018,3030861.752,62377.36274,154938.8816,119073.4017,4086057.13,250107.8917,158159.4034,194337033.6,976251.1433,97175106.86,138556.655,4108194.603,1571728.98,832793.2901,N/A,95823.86118,225089.3686,878817.1405,N/A,N/A,2679087.322,9652.096506,2672860.355,196640.698,N/A,24479.16199,59200487.58,1253560.125,5784197.575,5655132.157,162606.8684,87059.6867,N/A,51753607.47,87731.14794,562622.8951,16200611.15,9012494.622,4182362.379,44386.73915,623256.1768,1208632.225,32764.22428,686908.8105,941452.1021,100238.2107,4843.008367,6162.827924,295443.9059,122121.3913,163698.0893,30381.20488,48866.54296,N/A,221708.6818,21466.72378,186866.1068,1135116.359,11821.87388,4077903.624,635126.4551,77593.46843,6070369.695,6100801.131,886450.2302,104725.0855,355313.996,10978.62182,605463.7953,63838.38971,10118.38335,166550.773,809822.0131,7921484.623,184898.0935,132505.1628,16929.26988,53060023.45,56895536.8,1241071.791,9483869.968,274547.232,5725.009054,57385.35465,6729645.834,30624553.56,7432455.989,98808.16352,34625.44416,N/A,579353.2037,85305.23084,134826267.5,4489893.993,15296.79145,2658400.398,933407.439,24462289.72,75148.89883,3386533.879,1189645.323,N/A,19353957.86,140044.5828,140523.054,570820.9823,495500.539,12238273.23,1600308.843,N/A,190310770,237392.0154,15104490.1,411121.983,30204234.6,12837.10741,175504.7531,72309.18954,32585.64425,1887561.809,264314.9446,32878.30643,38709265.89,20441.11652,26181.77465,66184431.56,57712463.12,26987323.03,4862449.783,3785132.522,3785132.522,13665.95011,7254.761715,N/A,78038006.24,145722413.3,N/A,74859801.82,3710358.407,235402.9109,194387191.9,11702.5781,36026521.86,92790574.27,18226524.54,N/A,N/A,3307175.349,N/A,135431558.8,216216.6639,77700.14895,37733.00201,14101865.75,411305590.7,842572.5191,14983871.02,14041775.36,365228.0559,287345.7911,3378234.256,86416443.83,8017773.978,53207.12259,12150735.23,33990.0109,1287021.757,26211.58573,21109.74215,2530758.997,1087167.637,48325.23698,20769046.91,38268.38796,431587.0834,6722.51786,10778.53144,626439.5053,70103.72668,45732259.62,32743.22497,345627.1296,2721032.128,70649.65651,N/A,39690.64562,7871243.364,N/A,846556.8059,507520.7681,264232.2667,600034.3035,268588.2715,102995.4239,N/A,5528444.559,2129589.678,N/A,463693.5801,N/A,4266.354245,59924.29639,4894484.314,12053.49784,N/A,20242.93674,N/A,10246857.23,10020101.59,119923.4326,32944.33334,866672.0303,108972.6375,219999.2335,1089478.983,275590.4132,16046.64258,22798.9401,10113.47204,28715.55049,15139683.93,296471.6011,93443.78626,203164.6542,39652.58839,836924.8803,N/A,474103.1767,2555175.163,25557.87247,77548.21847,262467.4121,8444.750649
062618QPJ11,4,20110.75035,173620.4726,N/A,19100621.06,1616872.71,1450218.781,654832.2627,2046220.614,13341742.65,15175369.01,14500530.61,660415.3707,23472208.72,26129641.78,51055.97926,2096301.405,31993439.83,267524.9067,19294661.21,2380403.886,38777.67344,15782265.9,319836.1387,74950279.32,667058.3374,50697.91594,44681.64437,3860834.798,320730.9115,76614814.47,12318847.14,27160119.73,5574.699458,20039618.05,156049.2216,1263856.18,212500.0172,231567.0844,1708078.613,1933407.82,7802801.609,2019154.317,1998924.674,7934.19999,26060.70789,117876.6864,2495258.743,3235888.08,2762570.519,2543843.363,2213355.304,61721851.15,N/A,13422799.51,111870.5985,6728464.427,15878333.76,101514.6849,754922.4024,60079.79452,1955670.624,27221.78856,138257.3574,134633.2161,7714765.308,64600.11832,263031.4884,269995894.6,2089201.975,142732163.6,118803.6952,4115348.471,1316107.016,589642.8134,N/A,106315.0207,183989.4308,997926.3038,N/A,N/A,2071657.854,7246.288678,1299549.016,124790.8641,N/A,24740.32299,48378735.64,1250852.611,4635146.948,4391636.791,212733.0707,46265.40431,12686.22714,20525294,92297.47934,170194.3329,11237933.85,9246891.582,3382881.531,15146.79624,755919.8531,1144723.344,18166.88228,696835.9979,1048852.639,123339.7512,3733.572631,11663.22827,255847.6266,97712.70866,119644.5835,11630.28543,60281.83347,N/A,104925.7995,15011.37996,125678.4612,1182952.393,7105.537225,2805054.564,672419.5422,65874.38999,5104976.894,5191464.773,710542.4454,94771.27482,286115.8186,16079.59646,343538.3811,54079.54703,8399.672565,129721.5254,989249.155,9649726.031,43073.61291,156749.3876,8179.884924,57991122.4,55256939.02,1184556.744,10213669.15,311675.8941,5066.686504,70097.16765,6714905.202,24010038.23,8297674.733,132534.5473,27971.78817,N/A,481863.6539,86990.97031,66673180.39,3842910.504,14992.20366,1550485.268,1209427.256,19294661.21,55737.48258,2847741.818,606449.3433,4223.77684,12995615.45,153649.0344,439552.5342,370743.1946,495191.1123,11864261.15,1915309.038,N/A,175279757.2,123160.89,7108138.346,227445.1742,17539042.46,21215.18279,108330.0291,47404.21891,18830.17007,2382738.892,215874.6024,65568.77713,44932153.38,18673.95973,48964.63556,41082740.17,38033380.6,25731431.04,5703563.737,2106898.392,2106898.392,35084.01373,N/A,N/A,68949175.56,153775673.3,N/A,82707002.37,2449244.918,215352.0238,199650037.1,13005.74756,40233711.77,93257936.03,7909022.73,3381.773266,N/A,4837115.58,11454.69753,116660856.6,201160.9092,82764.94541,70103.62791,6160334.045,445597972.6,1680421.112,13788811.62,15497953.76,299135.431,209286.0458,5408827.474,59565885.76,5138809.534,23076.21371,8099502.503,38110.95876,765931.2189,22990.0171,7244.935842,1588612.465,1007109.61,48433.08512,25683022.03,54049.20289,626461.4815,13410.50137,11840.82668,503368.9565,67603.92361,671805.3441,22336.51446,160046.4026,2280912.002,N/A,N/A,31248.80629,4031162.452,11962.07629,593029.6103,353868.3849,148850.4491,368280.2408,441719.841,72142.20837,13774.66617,2659807.807,594124.331,N/A,176857.5151,4219.401606,4230.955228,54316.39692,5436387.49,15198.31121,N/A,57441.4974,N/A,11210007.27,9566374.059,114860.2465,20269.84424,979780.1683,102190.4079,243571.3068,1072571.695,359797.9134,3387.070392,60831.2195,5903.381032,20038.55628,10941520.02,305533.2816,55402.33838,84899.69675,16438.32768,11842.8204,N/A,510971.3498,2261717.055,N/A,118859.8654,565036.0785,16890.20739
062618QPJ12,4,33990.66467,220260.9786,23634.57431,26570845.01,2543562.796,2277608.824,635101.8364,2135457.277,14671801.99,14740608.61,13724584.16,717375.8859,23918401.3,26237963.38,5041.110158,2335799.114,34710293.77,255303.3634,25356504.03,4384958.937,65278.12698,13295048.53,289082.3485,84668255.2,1096448.733,47767.09586,45611.67957,3725128.477,240359.7088,62379889.51,11854120.14,26173615.88,16468.25752,36136738.17,10826.19383,1942613.623,241691.6207,276028.5972,1640854.761,1899255.239,10809028.56,1310038.087,1367887.276,6657.584829,33410.71074,167017.9487,1511194.18,2543598.435,3414465.884,2578372.492,2407017.504,62955382.46,N/A,13277433.14,115593.6954,7173460.805,12404128.41,87936.49977,933160.7998,32273.35404,1781743.289,17419.72758,108526.1658,142683.591,6777416.601,271861.9959,161992.1716,263491702.4,1661136.829,144001421.3,96651.47563,3523652.576,1289652.673,821185.9345,N/A,95339.17354,152134.7689,2433920.749,N/A,N/A,2226640.428,9285.889168,1332270.325,89729.54225,N/A,22807.1032,49973759.22,1056027.001,4490645.977,4700504.647,211050.1595,60397.04803,17277.98355,25263120.18,78401.47796,134513.6689,9129021.51,8369469.987,4939546.993,21872.63675,780276.9418,1188859.593,15265.06242,677155.1415,1046416.382,121744.014,27018.70045,7278.701849,246699.6356,86733.24276,169200.5657,14979.22226,40847.2032,N/A,94691.43196,25550.46438,134518.2492,1013778.936,7589.708732,2646414.048,639985.9708,79426.06641,5063536.084,5052650.156,719544.3168,81908.06869,311513.3212,9160.768418,322696.7177,56285.47633,7709.480252,107876.0127,884427.3649,8947396.013,59966.2456,124958.0557,11433.21737,52774022.71,54150644.26,1028179.213,10132900.31,295357.4824,10129.00253,70097.63509,6868759.056,27559618.24,9304129.28,81925.31495,17067.43206,4231.205306,498141.1435,33782.57426,108112160.1,4328642.554,16790.7357,2070770.967,1096950.752,25356504.03,76032.97735,2269365.472,724022.0379,5911.985607,14218746.98,143531.8048,376210.9006,382581.7663,417579.5245,12099301.79,1572877.136,42063.68907,189972820.3,231221.4868,8289135.891,356084.9939,13060696.05,22733.31976,111632.6371,96708.33435,23043.5473,1992664.291,184274.7521,40210.93766,44137832.34,10280.15121,25700.04821,61526904.85,28703438.87,25272272.15,5013156.426,2594535.109,2594535.109,18004.29238,N/A,N/A,51295927.33,150600744.1,N/A,84911569.99,2691012.027,204826.5063,198973608,6311.676724,41163699.99,83588279.5,9307679.82,N/A,5012.773695,3349937.681,7524.419943,106018428,198410.8768,95639.46106,86239.20185,5659348.671,459322555.8,1412353.236,13359771.65,11266260.62,218591.6018,129758.7332,5848389.08,68486597.97,6433192.154,80148.0433,8718757.02,57909.07172,771061.3872,15999.29481,10458.33545,1510890.75,1008629.796,51236.58565,30371403.79,50600.23813,517527.1032,12174.75944,14993.89926,547418.2457,42998.63165,791305.3133,25210.94536,148127.8399,2077847.575,N/A,N/A,34628.49445,8363374.576,8413.767586,672866.9055,272497.3429,217739.5394,320588.4226,453672.5908,95506.89945,N/A,2878593.059,973141.9907,N/A,206843.8439,10134.64599,2531.202456,97955.75204,5652778.059,18861.34606,N/A,77975.64045,6754.935975,10067932.43,12302179.72,77702.74981,35472.26386,788788.0539,98815.36933,400433.4422,616545.6927,218382.2434,19426.12732,34698.49602,7599.689369,34631.26905,12241006,129062.6763,150337.2415,263316.203,39016.66109,11131.11211,7579.787677,525693.7427,1624646.132,8417.46492,184821.0854,672085.3775,16046.36021
062618QPJ13,4,278799.4045,10074.15659,29867.11733,20161280.92,1690531.212,1705276.34,580463.6192,1963458.454,13922003.53,13304774.83,12880400.14,506426.6781,24817179.83,28129889.5,25261.53064,2742504.666,25270224.4,237885.4773,16519381.83,1883667.093,38908.40072,11883736.85,260925.5609,81220069.25,707481.9047,96516.26723,38771.0257,3704855.719,229735.1286,47289377.07,11690477.19,27869406.69,14053.20803,16554175.68,10269.70763,1257693.731,123127.5792,162956.6771,1384619.023,657468.7053,7931893.038,1656695.948,1674351.669,6552.036309,18802.01754,156171.4429,1816293.728,2396810.717,3548204.864,3293175.368,2997466.048,57519216.93,N/A,10370725.84,65830.09393,4105519.355,8811044.843,67609.61733,712301.9865,37451.17124,1688846.003,43568.66767,93255.82595,204302.1135,7750564.646,245891.4796,224162.2053,236022029.9,1764134.847,127503963,122493.0843,4193642.767,1140782.843,768602.4833,9291.333122,108658.2459,173525.077,2158693.808,N/A,N/A,2149953.207,73484.3304,1472851.374,80984.14773,N/A,6610.330543,40713730.28,980461.4547,3538947.061,3381971.961,200865.2168,80115.53798,N/A,20166200.54,119785.2494,209386.9232,7856885.667,6937714.972,6072539.329,16286.1716,821724.9964,1024987.271,8432.564633,695192.3914,935932.5301,85709.92968,N/A,N/A,235486.5827,115884.5386,177541.0017,16371.57404,36850.36041,N/A,73475.68186,8722.686241,163047.928,948644.1572,5905.31123,2900568.988,589938.1647,96280.01965,4900701.201,4572178.285,603395.1691,65880.9605,221853.9822,8527.442024,360129.7117,52146.74381,8222.508996,63887.87787,775796.2297,7267986.403,50675.64547,80749.11592,16567.97334,49738211,49351053.59,979551.5665,12274061.19,242405.1058,10118.01935,60808.93394,4848886.019,24085742.35,8188373.624,41419.04483,17637.87142,N/A,377490.0504,79377.37523,57186584.75,4564071.79,16754.93733,1734059.06,1085906.274,16519381.83,89485.56435,2141551.51,588045.7233,7598.635121,12415044.85,169551.6876,337050.2673,302279.386,366457.4047,13270654.63,1849263.356,N/A,177155953.7,179575.2091,N/A,328172.0429,12078794.6,16865.49766,116656.8139,176444.5887,9786.819084,1536905.305,148161.5371,20904.63978,41457696.28,20448.33292,19698.67819,58708657.51,20093399.34,27584402.41,5073313.006,2023202.261,2023202.261,20185.9489,N/A,N/A,51337850.53,156234979.7,N/A,86309560.18,3607214.807,159725.7451,195436418.5,19559.82935,39270889.17,82026174.88,8753361.25,N/A,N/A,4420134.4,N/A,133089888.7,185251.3476,91248.84267,30144.10571,6007613.713,424320544.6,1194150.428,14477997.58,12375717.13,269269.9315,192530.2271,5888657.085,70935119.67,6465834.573,53001.73328,8910515.588,42451.74532,445745.8151,26182.44463,16912.19303,1567167.041,1168125.49,20147.69303,25451628.1,32939.69155,498863.9276,19171.65902,N/A,568328.4521,26990.39391,797351.6106,6274.264233,144325.2839,2574501.897,30198.82741,N/A,44925.44448,9725002.738,N/A,533301.0897,345303.7114,242200.9197,320366.8473,459928.3478,146990.2951,N/A,3112919.402,696074.8502,N/A,224823.2413,10134.82915,N/A,60749.16794,6083456.342,31269.55059,3327.180869,50949.8435,N/A,10403600.59,9634504.093,43915.87877,32093.498,780203.2458,114801.9732,514524.5667,1092069.638,207804.2821,16892.74097,4243.500532,10132.72332,50510.54487,9819566.242,474608.6362,65525.88373,185302.9223,35946.18672,1087597.235,N/A,534519.3491,2029311.178,27713.983,146670.5851,668589.7903,18961.79088
062618QPJ14,4,254673.3489,224935.7457,57101.65771,25874224.57,1931787.942,1866645.693,829208.8625,2682622.261,15207837.36,14960462.49,13985782.51,656734.7162,23737054.81,27728792.64,38836.29891,2212238.355,29824113.58,283602.3913,17725479.47,3076638.622,N/A,11223674.36,292227.7495,84059402.26,1299026.647,40163.65443,30000.90906,1918366.975,301236.9312,69824265.92,13510859.97,28062562.64,25319.92432,26643374.88,104501.4706,2215170.568,119518.7065,248661.2413,1570331.078,1624498.407,13526098.18,1586797.521,1091052.231,7470.647396,55031.08813,404310.1153,2791353.399,2618981.464,6312404.249,2264215.35,2074856.775,71099122.89,N/A,10505443.81,159143.0163,11873561.78,25435269.15,134067.8583,1043731.985,90411.55759,2037604.242,51579.38856,149947.7012,N/A,7149304.751,247281.7915,190407.8385,250070627.5,1554684.261,132046617.9,121144.5552,6151628.894,1620435.794,1113471.59,N/A,156254.9484,355548.8886,4501344.165,N/A,N/A,2333964.2,22374.85959,1724894.905,102596.3485,N/A,12623.2786,61849489.11,1510908.382,6736902.379,6328267.18,170217.7554,52163.90403,4750.291003,23276931.43,123595.7899,371839.1468,10807193.87,10021910.44,4504493.302,34580.27898,743644.498,1153847.968,20085.3192,619401.6784,1087281.5,106397.7879,8055.098718,18864.96388,257856.1819,115912.7234,273114.6146,17417.89436,51157.21237,N/A,124521.1291,5028.056521,104585.3413,934035.4435,4766.471146,3467766.149,611984.4954,55278.22729,5126986.101,4745565.543,562161.9379,63515.3637,252368.7905,12059.06425,415212.6792,42334.73486,N/A,81497.7136,577935.0754,5977654.75,78546.51838,103151.6438,15803.2362,43548096.34,45502136.99,836596.341,10304833.46,208606.7092,N/A,4575.925117,6618577.819,26456698.79,9620777.034,89522.95155,12665.47055,N/A,446370.3929,60806.1523,74942848.98,6036608.027,27836.30058,1918778.541,984575.3433,17725479.47,68408.59874,3247055.199,759164.7636,6757.654231,15825839.89,119478.0628,406335.1874,394059.3405,474853.5981,12684500.23,1620922.767,29937.78434,178428839.5,259698.6236,19846286.32,464977.4471,14669554.83,14014.28891,279480.9751,106012.7404,26124.73013,2470238.3,100027.3742,60610.61138,54422502.99,32464.85616,58194.34781,92905283.05,30409467.08,26397394.45,5353082.861,4149039.913,4149039.913,27028.42869,N/A,9266.65321,61453586.04,164645293.7,4078.024414,92772015.3,4180564.553,183883.6379,196162295.5,8497.977375,45008039.75,81323852.84,22113708.1,6775.132692,4141.0955,3658861.424,8161.719175,146086676.9,271486.5844,108103.7632,106478.9781,16151689.51,446117103.9,1426340.341,20722728.01,18080474.9,352056.059,264058.4749,6366747.581,66463220.02,7517578.892,49082.258,7571409.335,44847.99415,789564.6868,5802.482617,7021.245403,1996952.876,1221624.318,71993.15141,27240876.14,53180.52218,512460.8086,34952.66487,22602.78506,632987.6989,27771.05046,977095.6766,23975.23255,204665.9133,2852726.6,43717.98652,N/A,33408.88955,8006132.61,3359.577093,658694.9987,339608.8337,97861.00765,497187.4688,637333.5253,123017.5236,9215.511176,3528087.442,1436314.371,N/A,261421.488,5901.142952,N/A,101311.2687,5925732.762,49819.21124,2533.674991,26545.56034,N/A,9743437.152,10845386.12,119929.5726,31245.69769,610625.2363,74316.30464,183111.8511,773342.828,104865.7025,8444.730724,37153.12505,N/A,45593.20935,12621729.8,307638.9601,72953.07522,84298.43688,30172.56683,1143396.018,N/A,584291.3658,2652534.372,14733.82733,112666.027,486984.6732,9291.413084
062618QPJ15,4,332797.9728,190813.8411,65020.89814,31953801.67,3272869.145,3293400.846,643496.7665,4051990.712,15520630.07,16756168.67,14867695.76,944898.6411,25065927.34,27498388.72,39656.47666,2030284.482,24911828.35,229371.758,27200731.9,6968961.513,N/A,8607141.777,339636.0152,86151177.2,1150582.056,19031.59551,27683.81341,2571445.173,238591.5568,63825766.04,12593206.96,28386582.83,17942.36268,48473193.19,126447.6517,2539753.845,147878.112,212419.5961,856063.7871,1432271.697,10048765.74,911407.6201,1120386.762,6998.105464,42009.86538,430715.7351,1230115.286,1795753.936,4032542.343,1650808.893,1622287.852,62444760.87,N/A,7463185.921,166638.5101,3748944.997,7099872.96,158579.3503,811274.1859,43005.81222,1827362.82,43653.33741,66432.3178,122379.372,6390660.96,303241.521,122312.9233,238534227.5,1245828.163,132886295.9,115234.1012,2508583.006,1433030.806,1084178.648,3345.990005,73808.06634,173716.4585,15134760.13,N/A,5481.739006,2322125.899,16629.27528,2098810.763,94166.29435,N/A,30914.77063,49844252.27,1319912.229,5634892.747,5362522.499,144325.6043,15302.95675,15491.04578,32239772.41,128157.7381,302132.7863,11899844.18,7101328.01,3724510.61,14041.50481,620562.7671,1135042.661,19648.58644,663003.9823,643761.0431,106839.0206,4035.396368,7207.611282,103801.9905,81499.91622,200210.8104,5868.823574,47984.1189,N/A,269105.1346,4233.28339,100234.6687,724887.4181,9597.727918,2474281.012,679525.3639,51656.71956,4257894.293,4060254.053,545689.1044,43046.61084,255669.7793,10134.87558,274660.3884,19396.45025,8538.037156,57902.63275,489052.7942,4867605.567,89528.44184,52509.25864,16083.9688,40649225.44,40662175.05,581956.262,5906863.518,99620.818,5897.912619,43914.37329,5194180.191,23283915.91,8443456.462,67503.45811,14303.66313,N/A,415784.8668,38849.96876,131036048.6,6066957.926,20748.85123,657001.6073,1233122.393,27200731.9,80219.38295,2423356.419,1362744.486,24493.85112,18375968.54,145678.9321,87125.75039,507573.576,531374.4334,12888339.78,1876433.973,N/A,185971980.5,298582.6678,12540989.24,864528.9789,14953261.36,9313.350991,249000.023,113958.7433,8868.12263,2544729.266,199296.0994,26389.65381,41025445.55,18079.73862,33966.18949,111581738.6,15977622.55,25988824.95,3543095.233,2968727.651,2968727.651,17178.29115,10075.88931,N/A,41825405.47,162387154.2,N/A,82566495.33,5340740.967,250716.5334,199848703.2,13597.95203,35651183.38,76326625.57,21161870.03,N/A,2504.197377,3353528.898,5801.304097,162187139.2,164915.1752,124974.5217,75496.41533,11139857.92,342613898.1,976590.5622,13832624.73,11524448.55,294710.5779,158334.0035,3283992.591,90236702.53,10112918.64,298036.35,7901084.565,54535.42224,520139.8738,15178.95545,5165.597923,1859944.175,1140463.782,48357.84567,26927220.52,50908.36646,631737.0183,7592.043241,10131.32072,817472.5854,44161.46489,567317.1296,31338.03644,326741.2084,2552147.922,N/A,N/A,44767.93496,6022775.194,4268.719866,681421.0443,206754.4172,176916.3712,322651.4702,512496.0067,72479.02595,4155.597073,2582577.236,1777882.016,N/A,230502.3219,N/A,4400.370796,93574.8809,6077795.133,43073.76821,N/A,31713.08901,N/A,7963618.348,9729848.59,111484.6305,18580.03836,622488.8564,56583.78679,261226.4438,770257.3247,133280.4881,9288.773832,25908.76102,5067.390671,44763.75624,13492269.45,260695.729,146803.2688,185232.5518,17247.74541,14236.73804,N/A,458334.1643,2117444.011,10781.1486,145107.2659,585162.8913,5067.401425
062618QPJ16,6,260064.5694,178479.905,58494.24707,76184732.58,4022505.313,3887995.888,567871.8615,3758274.954,19734021,20021362.86,18475181.21,748367.9224,22372322.62,25796745.79,23658.36184,1974278.433,26501179,1609006.988,35825039.74,8235113.667,22877.48207,9818888.9,334575.9524,99827191.51,1269986.633,22342.21358,20976.74254,3880003.752,215012.6731,81734134.74,14131340.34,27727739.94,7697.753457,59544398.56,191546.5315,1913025.308,198484.1522,212271.0507,1362085.04,2059234.783,11344792.71,864676.7932,763884.8953,N/A,22903.37846,207635.8996,1444512.498,3287155.888,4426294.366,2412287.331,2235387.152,62410807.99,N/A,11668340.61,74233.16674,4062792.735,7027289.962,53631.38421,1822050.835,33689.88377,1319681.703,27508.46015,84333.85075,108289.9379,8821059.011,220561.9344,167247.2164,275289788.8,1675475.926,134798899.6,93137.07842,1985058.078,1366180.512,786594.9952,N/A,66032.39522,121264.2193,6245645.687,N/A,N/A,2144370.369,20579.82815,1425802.001,41309.53378,N/A,24646.3077,48470137.13,549196.3772,5803464.234,5454463.379,290091.7178,47112.91124,15566.22885,26522626.09,103618.8946,339602.9698,8854133.815,7678148.474,4959607.205,13258.97552,783991.0484,1101786.177,8502.883892,743040.8116,1021846.361,122178.8245,6462.876958,9273.071706,206028.0772,91729.01553,173487.0589,6367.57642,38297.35487,N/A,62784.57602,5005.692795,135979.4029,621465.6792,N/A,1881382.671,565760.7469,54715.59122,3886724.808,3545345.659,524071.9739,55708.86654,237328.7926,13285.26844,493696.1784,26224.73154,7741.789271,60273.36504,471647.9405,5214446.387,88701.79306,85259.60309,28985.76807,38614732.7,40557509.52,689018.4973,7019058.985,153694.2492,5911.08798,48141.89739,5054509.26,22920221.71,8919939.92,81925.38724,10841.76171,5085.835153,393639.4793,27027.22033,149803112.5,7052909.183,12660.14477,1142820.722,860052.3337,35825039.74,43074.5583,2355816.82,1042306.688,10134.95217,19610785.13,116074.309,132023.398,512622.1007,508776.2762,10626140.78,1859515.341,N/A,167029049.5,123029.53,13580637.68,525245.7599,8886899.981,19367.39724,119705.8183,131507.9691,62535.61359,1815384.952,165129.9813,22052.07394,36980531.61,31411.55084,23433.32091,81111562.94,10075119.43,32230146.38,3152623.164,1868842.648,1868842.648,21658.06117,9294.137743,4306.283417,33213455.4,161317505.3,N/A,72604912.24,3589328.893,150030.6958,198482197.4,11459.49797,37646681.9,75152901.79,10784763.76,3379.338467,5063.828321,4560158.009,6911.270419,139258887.3,209860.6367,97043.04403,72897.5396,6402827.485,422338060.2,1191984.711,10289117.48,8813054.225,234573.0012,121048.6502,5347155.344,108905593.9,5064679.849,20919.35303,3974925.697,62168.94548,381685.0168,6779.600439,23613.93452,1039356.264,1034109.685,55485.22525,28224829.36,54675.10456,980190.2712,10151.7856,9093.516062,565395.0745,26149.23644,453475.4514,18173.36872,193454.9943,3190866.7,44987.48273,N/A,42301.87013,8993767.222,N/A,640980.713,154352.9662,179853.3678,161428.8859,681428.9827,91082.25438,16799.20119,2588987.473,3476002.507,N/A,184961.1782,6757.608384,N/A,59115.98852,5567790.163,22758.26797,N/A,41712.52723,N/A,9529739.471,11686401.76,80222.41691,18580.06677,678729.4542,30232.80061,272995.0542,618270.2258,183425.9172,11825.25559,19411.39907,N/A,28715.05305,17966707.11,350279.8768,131995.3848,117738.8342,33294.21919,12268.91995,N/A,616582.5804,2423514.025,27202.70964,174204.6139,334583.9492,3350.848166
062618QPJ17,6,253850.5742,21685.29115,48882.11124,25675030.49,1951276.298,1911988.44,573677.5381,1078473.41,16270239.68,14666093.91,15141130.52,555123.8523,27711610,32175487.15,16862.4032,2367513.913,30338912.61,1266807.515,23561085.86,2204663.258,64673.70947,13317237.63,264487.953,88346054.55,445097.0025,50715.47475,46015.89417,4096105.58,235033.4134,81556827.6,10840418.27,23794795.37,11034.27374,18566003.06,96620.66998,865550.1924,139664.6118,237470.9292,1649160.126,758847.3245,5709012.109,1122700.927,872122.5822,13378.7267,13439.11746,114703.7919,1617195.179,4368639.946,3164094.151,3737152.101,3541818.248,56314780.29,N/A,16712916.46,99073.66753,3288258.33,6470767.1,49418.92116,972616.9561,54669.86014,1651931.704,22481.98482,87498.12492,119424.9308,10254095.74,253827.7769,226330.5325,295988666.3,2395737.824,164174708,125833.8817,3145584.393,1191943.731,908675.6394,N/A,119738.9615,128031.976,1845954.375,N/A,N/A,2118437.856,32220.61384,1230909.996,64034.97103,N/A,8600.286397,42389011.22,475660.3256,4157776.953,3656812.551,189406.0029,82025.1118,4632.911689,13308360.42,66011.58469,92599.0831,8364339.27,7925510.613,2586776.565,12225.93244,719988.2809,961190.9991,9469.194908,718022.3361,1040790.603,144765.4625,10981.99562,12931.29819,199667.7591,108147.6769,168799.6884,N/A,8457.956385,N/A,232646.6527,6422.342323,124827.5759,661999.8995,10487.03459,2060296.01,772.8368934,36304.60393,3222593.619,3102539.913,426281.8478,59134.23849,212014.1213,12640.07281,990780.187,26180.59941,16630.39794,56211.17572,507859.7331,5829677.517,39696.44167,89488.1964,27266.66642,36626068.77,36414038.79,667603.6036,8767419.781,149491.3533,10134.71697,64183.71601,5290907.305,27183368.77,7908276.727,27027.66392,4222.811511,N/A,324674.0432,61651.41659,59929536.94,4555459.68,16900.65009,492741.229,1077727.049,23561085.86,43700.24531,1692656.832,426508.5341,10134.91056,14563279.6,124156.3301,270967.4163,306510.3091,498890.4906,10808756.98,1710247.468,22566.10718,176161540,145103.9251,24887329.69,300893.6503,7396423.058,14388.79684,75970.1046,5964.228723,15898.55639,1585486.939,158644.341,54442.01948,45013768.99,6844.515419,104729.9208,52982207.34,15331747.84,24888342.52,5050444.964,1494870.337,1494870.337,27649.00739,9139.322534,N/A,38752276.19,146751981.1,4178.708804,76144446.63,2091629.873,111953.8783,198531439.4,7579.04314,46264095.73,89981592.74,5302356.568,N/A,N/A,4632182.322,N/A,112619715.9,226714.6953,131458.9748,109111.6006,4479476.825,466287577.7,2106492.51,10185630.58,7236669.503,205783.2493,93928.54734,5014688.394,56831434.44,4841757.397,32086.47155,4149096.987,72212.78701,539608.6024,10747.75847,38845.18864,1224415.916,1042028.113,17951.86643,29894950.1,40447.17019,607659.0553,32019.49041,18045.20444,456801.28,29865.19303,590572.3221,18138.64545,129976.5803,2092761.057,N/A,N/A,42221.74029,3978083.117,7735.700795,441751.7133,126504.2489,170291.2983,348832.2741,492775.3236,75580.29582,13771.60284,2646767.499,746154.3263,N/A,164725.1314,N/A,N/A,60808.70813,4315591.426,48983.26906,N/A,37263.33836,N/A,9469992.137,11273174.13,12669.09903,8445.115747,545864.3209,50663.67927,107870.98,722981.3058,233607.4121,10978.69097,44792.9318,N/A,11807.02475,13290196.3,278696.656,92808.93388,237119.1464,34267.58491,1092270.611,N/A,526645.0748,1902406.333,N/A,99100.22294,313810.1524,4224.019373
062618QPJ18,6,19186.43687,48791.76617,64557.01385,53283844.05,2383331.12,2520788.231,628370.6477,1794982.911,16631894.97,16513486.04,16392626.08,574561.7218,24778766.42,26569179.14,32944.60882,2481648.524,29115016.8,1564497.287,25482163.92,4439648.584,39528.96889,9410184.402,266503.2228,95497866.27,645267.5437,25508.91886,52759.53987,4636363.023,216100.0492,67791609.54,11900448.55,25454246.4,20673.07817,35076855.89,12548.99731,1244257.22,144522.013,198028.3791,1658009.139,622600.152,6849992.775,1170396.405,1135657.411,N/A,26122.16094,124555.322,1735055.557,3629010.808,3447121.203,2919098.765,2735587.146,69342136.01,N/A,15222128.52,81728.67187,3915486.296,8276478.189,108048.2033,962039.3236,34115.39181,1311554.757,37441.73602,68889.49867,100735.8177,9522507.529,185635.7569,206707.048,268279809.9,2297334.983,142565696,100545.131,2818668.775,1032692.988,494173.999,N/A,93300.29661,159836.2534,2697496.03,N/A,N/A,1855093.978,74867.36017,1253115.685,72350.51542,N/A,19206.35365,40007694.55,997761.0978,4137796.152,3757009.381,179665.6983,51717.06332,15326.76729,15605805.39,69311.69221,159633.1305,7139442.995,8397786.577,4056481.194,7599.380505,788345.5715,886135.0982,14802.32491,762359.6611,1039745.652,203723.9068,N/A,N/A,183871.3978,99415.95386,82414.55877,11548.73136,19052.69368,N/A,217568.8653,5495.718309,101352.2448,706825.5756,4898.199889,2429115.387,529913.5938,47921.67579,3940444.155,3883829.35,492229.5654,54005.3706,191369.7067,13070.35538,830153.2101,16040.79246,13503.03268,54789.59695,497419.751,5221960.641,62493.75967,103585.9988,18355.4683,39134019.99,37319530.86,643458.9531,7862411.535,128272.2759,N/A,66719.56642,5070009.253,23172988.23,7694009.025,73475.74282,N/A,N/A,371345.0746,42214.38336,105472879.2,5172812.335,5560.6884,1157679.261,731438.045,25482163.92,32945.96049,2331793.481,633614.8898,10134.75823,17534396.52,110501.633,319225.7405,393524.6524,386312.1953,12714350.88,1719193.569,40798.45905,174481250.6,106042.953,7790815.883,318580.45,7648297.968,14058.38629,112594.7974,70159.24706,37817.20584,2049480.431,86429.13329,42335.08418,37377427.35,11060.53345,73744.68345,73042743.57,12085504.98,28837242.71,5675441.456,1589226.389,1589226.389,15713.01525,11539.95239,N/A,35042199.25,153638705.1,5663.841791,79023808.03,2539601.868,102191.6257,196814180.3,18046.80772,45544072.5,77943888.64,8201557.16,4170.823146,N/A,4422604.484,N/A,120719912.9,250081.3809,87075.64226,66988.22692,5171412.917,414713982,1875187.592,8469121.212,7084100.008,219669.5118,199237.8435,4685566.885,76586745.77,3427796.748,16559.45773,4286808.835,60673.23192,480402.4489,11659.41788,8496.641159,1483923.647,1223286.067,58333.34479,31653143.41,51515.0688,494637.4982,24055.35287,8076.326424,483971.3181,14278.57239,614080.1875,11703.4221,176414.1824,2713513.655,20365.27097,20561.11777,31375.13575,5859054.199,N/A,616937.1389,458980.3425,113708.0648,370075.9192,405432.8518,57821.41905,6298.443695,2977194.811,1231711.977,N/A,171609.1935,6755.122411,3295.517252,48138.65771,4220981.846,28753.72946,N/A,11201.19441,N/A,7653434.29,7611911.142,111482.4312,37159.86545,573862.8493,47327.40955,175020.6161,684951.6296,78545.653,6770.172089,21965.57347,N/A,10935.59309,15288484.51,381806.2973,211205.8898,179851.4542,46281.82876,19075.46647,N/A,875183.6298,2223262.322,8070.172983,68072.11532,780518.53,10978.61742
062618QPJ19,6,225068.5325,48947.35056,67238.5357,64004188.86,2187480.568,1922035.215,717832.3596,1130473.16,16190944.83,15045728.04,14500969.42,793713.5712,28822319.99,32761081.88,32915.04282,2813445.226,36190822.56,2025022.953,24350166.24,4230169.819,569756.3525,12399188.93,275803.5441,86535600.9,439358.4256,54420.07434,43501.45705,4139585.509,252091.7229,62138928.53,11121116.19,22411971.81,N/A,34694575.99,163633.7303,954814.3637,262734.0481,163055.9358,1946103.679,738105.0913,8448549.446,1328718.959,1425911.394,17033.85286,45977.31563,220424.092,1639644.717,3688151.483,3862166.377,2510118.507,2236113.44,83222938.54,N/A,13588572,96580.42001,334796.8832,1148530.117,80701.6771,1168493.363,58722.77941,1758208.548,23584.75452,114225.457,123283.1213,8554458.644,293870.0149,242824.0967,260277309.8,2135585.97,135978541,119919.0606,2997360.345,1195452.057,843853.4737,N/A,102314.5471,585191.4742,1741150.327,N/A,N/A,1926593.19,20245.06452,927685.6983,60486.41147,N/A,6755.749963,44652827.85,1244463.847,4589030.408,4440693.74,188234.1419,54468.86381,N/A,11589187.94,84415.60316,161686.8082,7252639.492,8956774.114,1789210.378,9822.183885,697136.1176,1078183.061,11715.68581,680904.1501,1125194.447,166762.8663,N/A,N/A,175143.6256,110957.6539,102333.7616,21765.64152,32843.57121,N/A,97342.98008,4228.061641,158380.8041,901584.3509,5689.973256,2309843.132,670494.0402,64998.61044,4540666.481,4084433.101,585452.0176,65335.4323,193454.0744,10974.64535,1171141.701,27014.72027,N/A,76751.91189,542676.0699,5755690.202,104731.8777,100510.1191,8997.023297,41209231.93,41343633.27,699311.1011,7670091.305,195961.5347,5016.637103,56561.87369,4754599.363,25078772.04,8260174.643,75171.72345,6067.173403,N/A,478893.9924,36367.08603,101605339.4,5787563.247,13823.66011,170370.4953,972423.3765,24350166.24,53191.28616,3412522.233,1619965.212,7599.201532,23175465.37,156375.9836,400215.5032,627644.6965,545774.2524,13120221.72,1666391.346,N/A,181395541.9,135240.795,6885131.012,471340.6307,11297786.25,14218.60399,142422.2835,37882.58915,47562.43276,1807189.322,267817.4035,35523.62885,46990746.16,N/A,50659.32827,66242951.81,23739327.86,24608796.71,4763818.742,4986416.88,4986416.88,20760.13758,N/A,N/A,53078661.58,147786877.4,N/A,79922890.83,3243228.911,143156.0754,192158906.7,18048.98791,42421151.09,84802242.77,13200608.75,2517.63142,5026.156386,3796549.432,N/A,117313301.9,317821.8288,53296.37947,71058.11834,17897146.92,435508533.1,1938520.418,10702617.39,8875864.865,282946.5995,129643.9482,3710985.195,64956540.49,5687933.89,24177.42766,6168082.403,67436.96454,822434.9745,7546.800107,17729.70396,1143190.701,1039948.779,51110.18901,31675911.3,70947.67458,446373.7373,24660.19833,16043.63368,551517.8534,15778.39941,701281.5263,10873.60437,211830.8242,2638756.918,N/A,N/A,34629.84318,1981078.781,N/A,537952.9473,319392.9018,140401.3955,135679.4468,491733.4931,95508.62095,N/A,3535458.021,862494.4594,N/A,383987.0495,5911.127095,N/A,58388.54833,4419444.96,28715.47872,N/A,51189.46222,N/A,8674274.096,9911089.995,58284.49584,26181.16173,644023.8484,73382.19793,69254.60994,738999.14,273085.4676,6756.821709,43607.21753,18582.34795,28714.58024,23171155.6,381082.8698,194038.2925,191055.8343,26598.17878,7795.374759,5895.665868,491363.9822,3327549.441,16649.73634,119941.6719,610256.7989,10978.36961
062618QPJ20,6,23194.17679,23813.52436,68165.32536,51200410.16,2783718.343,2802272.033,692614.7233,2281893.73,14333557.68,14066051.89,13733151.6,674230.899,24154145.44,27662777.74,11114.80403,2014266.089,29169121.25,1665519.446,30728838.75,6981207.454,53539.22531,13822879.58,240892.0402,84588252.25,764826.3029,32401.17473,18898.55103,3480299.645,196510.8463,103175425.7,10481694.24,22968122.87,13385.65498,48204107.49,142018.0393,1652821.063,185296.1314,191721.8995,1632577.451,644107.7037,6863167.909,1114244.824,1026726.19,15351.12098,12315.87665,100654.3805,1433947.25,3285825.862,4638112.398,2136368.645,2082382.992,54521211.65,N/A,13303946.97,55491.22251,6470600.111,15929353.13,108351.8966,909484.5616,49437.91547,1174463.345,13892.78101,94527.49448,156586.7113,8664254.903,89316.47483,212379.3063,265445054.4,2073286.516,146875238.2,103639.7307,3437670.439,1209514.652,480782.7664,N/A,135031.643,147867.5699,1660958.193,N/A,N/A,1927848.721,11187.13137,1334187.847,65780.14343,N/A,9887.589718,37420433.98,1624621.089,3565952.066,3440974.734,180162.6867,65909.92214,8095.184518,19387293.3,88336.63086,346890.1153,6728333.115,7951273.407,3678151.484,10714.53163,1011485.871,878670.7083,17475.27714,541152.4004,1072925.422,93210.87963,5812.590772,13225.50872,183968.3483,83218.35412,85585.93579,10033.35599,94782.11366,N/A,207586.2056,9846.288636,134160.9708,1111830.036,N/A,2170308.052,536758.2481,81144.0993,5269568.672,5181049.425,643939.2091,103887.6744,217132.9967,11819.50877,817381.3386,64111.1934,12634.37302,102370.8772,1181833.304,10135404.09,105476.8027,140686.5874,17533.63773,62365905.2,63365624.25,1692230.059,9897745.485,481409.7073,21117.31338,130073.0443,3996768.935,21401964.67,7959051.027,39693.37959,18003.61823,N/A,617677.6542,83633.31028,133627851.2,4387960.059,21087.391,2686195.695,795295.2436,30728838.75,29551.55224,1465279.822,658584.6822,9288.172271,18063563.43,149658.1601,231544.9881,386346.7795,282479.849,10901800.94,1582098.507,21039.41778,165159609.3,123344.1669,7948073.281,287957.0949,6151333.387,11763.60059,68761.76834,96032.2466,12403.52809,1346738.036,141345.2579,40736.99573,36827992.12,31761.69666,11487.55385,53548354.62,12362186.82,24506634.34,3382735.914,1837974.726,1837974.726,12051.26976,7895.615619,N/A,37551749.29,142434627.6,N/A,72945222.08,2507665.642,126228.8548,185122511.9,16425.48127,39833876.59,75598265.41,6345555.11,8469.860114,13064.63722,3475289.602,8781.378921,106178729.2,207524.7858,97947.71902,123545.5695,3725757.131,439193054.6,1629797.965,6729435.784,5426612.95,235292.774,142161.6587,3837813.698,76775468.61,4119689.898,15958.52474,4020792.681,55915.53061,392702.787,N/A,10922.10202,1042746.898,1062482.468,39772.69003,28247522.75,12042.65019,559069.2568,17723.24251,5914.777535,407922.8833,21414.91147,488623.5965,12285.15065,81937.10621,1902773.861,N/A,N/A,37161.77961,5556848.988,8440.660795,443409.4412,124945.7084,218620.5373,308547.9617,298606.8306,71739.04071,10335.04638,3518879.687,1940047.668,N/A,210284.7773,10131.31588,2475.277183,32042.10259,3946042.59,17759.47824,2533.793777,46095.89313,N/A,10370918.86,10751520.83,42226.88122,35474.94308,997647.0814,147405.2716,442211.0806,1120745.285,663760.1925,23507.83581,5988.903483,21955.25345,35477.28665,15668143.56,473816.2218,290535.6118,179887.2033,28208.91993,15281.99567,5919.017366,418849.4911,2120945.345,12600.91195,131387.2177,247275.4507,38850.00744
062618QPJ21,8,239626.9169,192909.6762,32860.76712,42320115.09,2804465.476,2563665.118,607746.1438,2356868.67,16793401.91,16672544.57,16041662.96,653501.6991,29832187.97,33487508.44,28712.17513,1735423.078,28663469.12,202007.5853,29825637.11,4523156.027,35783.392,11374909.13,300312.9738,91843741.04,1028624.304,30912.40785,56487.45523,3070691.589,311193.9323,73209340.61,11454290.99,25502485.11,19698.16926,37749652.3,150432.9578,1763405.906,114922.0125,181320.8274,1581391.188,1526486.232,8245141.779,779211.9071,850167.0561,7603.412717,35918.22798,259258.2978,1225319.679,3601674.726,6351575.032,2251450.561,2118232.781,55702199.05,N/A,16700030.36,68701.41474,2610478.434,5796358.619,80174.17668,1102112.495,12142.19512,1480912.822,30424.74712,80372.25125,266866.0028,10413405.78,248199.4238,179273.5376,279142640.7,2399388.245,152641536.4,114871.2027,1531449.01,1288088.048,896958.4081,N/A,116513.3139,76819.00812,9276986.697,4221.266906,4979.634479,2003983.038,29546.96959,2053990.287,43414.76081,N/A,29160.65929,42622898.75,987253.7354,4540211.191,4302817.867,253008.612,95085.98934,N/A,26904841.35,101938.4372,429684.8962,6395890.939,6645450.047,2994337.673,11159.20371,908881.2063,795010.9673,5805.570989,862262.1801,1091561.92,122099.7259,N/A,6500.369707,174328.4099,88675.40713,163012.4448,7001.935646,50503.5788,N/A,282281.0415,13620.74999,141104.5604,846504.9258,17713.03742,2373204.882,7938.914863,60785.87007,4608245.074,4715389.227,641237.3918,53849.18157,195826.962,11781.77237,960432.2584,23647.49865,N/A,73478.32555,736400.0039,7510617.576,56592.08843,70298.31987,20444.24493,49825700.07,46317251.33,975756.4437,9216016.367,289370.7899,18580.00129,79391.90389,5165614.727,24726678.9,7783260.283,47293.37998,10943.5098,8403.19336,398225.9005,72633.14053,107582188.5,5734455.783,15445.99168,983496.7523,1047348.142,29825637.11,46003.64503,2404074.447,1173276.678,8447.522844,15459903.73,114043.5671,419837.3331,372906.8272,526137.3162,11580309.06,1595351.713,22988.79402,167066178.5,221510.1741,9212861.901,666274.0903,11094237.29,18588.11591,208438.3559,84732.99037,10877.76247,1460274.413,228486.8605,42785.38582,36522614.37,16874.18979,41294.55278,89900749.01,8293443.715,25848744.38,3508470.514,2524450.325,2524450.325,9259.969286,10577.42115,N/A,26433614.68,155171592.1,N/A,61895901.65,3854993.479,241210.0758,187658153.2,22388.89848,37864844.03,74122983.9,11623577.61,5772.810476,4131.845921,4260859.432,N/A,143018173.2,184909.6774,108973.7536,97857.14468,8338548.051,442225375.9,1756264.669,7917983.024,6614976.636,290842.7048,91165.56833,4167134.718,71445284.26,5815039.61,413752.9754,588409.4638,88588.81509,788864.6568,11210.92656,31249.14001,1077389.33,886760.3058,47775.73464,24585413.97,52367.0954,625807.0466,25236.67795,N/A,534187.4085,46196.33133,486877.3405,12303.92841,259086.0283,2304759.419,56651.23085,N/A,28538.77977,4131478.412,9920.653426,486983.8137,267357.3924,170493.3345,293530.3684,778677.6197,50582.2758,11919.84233,3043811.806,1893968.127,N/A,201780.8825,N/A,N/A,92905.35062,4068417.941,31295.92656,N/A,42101.4104,N/A,10116363.34,9646566.45,77700.21849,15199.88332,717472.3206,146373.9149,273512.2835,926509.1833,351390.1512,19426.21889,60759.33617,18598.29463,46451.29638,15387193.2,207183.5866,390404.8796,197619.0335,10110.66335,20510.23703,3349.398257,600973.7162,2068370.512,27622.40952,176096.1704,477029.898,32095.67956
062618QPJ22,8,313381.3648,155953.0727,78225.78834,40971617.52,2035581.718,2008212.214,545877.8567,1343366.328,16009159.45,16331172.73,14991037.63,761825.9054,32491901.89,37027501.83,6278.571551,1782638.1,25153151.97,2027981.041,23083428.95,2789693.56,N/A,11326082.89,276062.6542,85338464.27,426174.228,36109.52543,47483.37773,4087688.461,199580.3484,78889153.2,10688456.53,22600386.75,7752.249934,25189955.98,55672.63027,735508.188,107768.3452,199276.9794,1828329.597,1688374.792,6095958.251,678816.3953,760145.0887,7188.364889,19060.31121,92841.46394,1292946.546,4622574.173,3944769.861,2163970.86,2023163.833,43979831.15,N/A,13704711.3,53926.04899,1391723.944,3369787.357,64663.46275,1042166.813,29257.98694,881263.3915,36695.65518,65208.40932,153201.108,12471889.61,19054.35265,221024.5025,275794923.9,2180244.416,161818094.4,80838.78183,1659181.328,1049929.377,676620.4824,N/A,82506.27574,66638.61715,7390113.541,N/A,6200.555895,1399009.179,33827.37179,1586514.594,25602.96399,N/A,N/A,34277176.03,423152.9769,3974800.205,3728501.021,317009.154,160489.3368,11828.58725,14182111.77,71902.19105,206389.2763,4801849.236,7343425.589,3065473.099,3435.42782,986986.3566,699784.6285,N/A,803476.6198,1082306.99,127199.3856,8797.640786,8227.096399,223450.4934,112256.6046,148854.5753,5799.530254,32669.21917,N/A,245590.1518,4909.198102,154038.8108,1086702.163,5548.931572,1987816.323,638300.8524,63662.28006,5284665.997,4685346.263,543215.2686,80405.07195,176199.1287,5536.218884,1681251.474,41919.20476,11827.16966,43316.23865,783097.8435,9140987.399,42230.18031,71254.13922,16119.10373,53540194.57,52127219.94,1019433.795,10071450.95,377531.5625,10076.60754,4188.300295,4437890.881,22819757.29,8173971.142,32936.90125,7187.377469,N/A,416100.8871,81924.63453,77981897.07,5315167.656,19434.70729,670290.1051,676523.5263,23083428.95,43062.21989,1727293.616,444479.8863,8446.538107,13276704.57,178092.601,141081.8777,255777.0891,388181.8326,9887262.915,1539711.094,N/A,159098939.4,88419.82229,6852190.517,366457.2741,7491956.827,8445.518021,52632.93635,93748.95993,35853.3531,2016580.626,112357.3535,25831.2824,41319142.41,38626.48431,68271.0557,59314606.91,6627368.264,25634291.45,3950666.928,2076807.25,2076807.25,18742.58914,N/A,N/A,28921097.95,145795959.8,10095.63128,72679438.69,2503650.318,140644.3065,190711432.4,6081.037564,48802544.86,75051273.75,5243892.707,2581.206371,4982.851919,4491599.628,N/A,138854220.5,376738.1838,90372.54471,234487.5577,5926805.482,453990991.4,2508029.413,7250649.872,7310457.969,161306.6172,172567.4827,3995598.188,61969190.21,4454340.474,21135.05124,2640916.548,61227.45142,440560.4433,30447.06443,15200.5204,934530.9111,1057657.969,47036.11978,29866727.83,61720.39917,465666.1641,24139.89082,23201.7577,600253.9366,14519.35651,491220.2594,17905.05065,183942.244,2272559.753,N/A,N/A,20201.58786,4278138.343,3343.490647,329838.5211,150745.6025,150408.6742,234764.445,449196.9118,51097.50332,N/A,3089559.63,433433.9738,N/A,127468.8954,4221.157669,N/A,35474.7966,3017934.997,29815.12332,2533.679422,20439.15091,N/A,11010339.61,10963274.81,44774.70005,35472.51433,724750.2364,121616.3135,285841.1971,902897.0978,350879.7484,16047.92704,48983.85804,N/A,29981.37573,11137926.83,270066.7974,187521.6812,166669.2366,15003.97745,12123.75284,N/A,527192.8478,1642805.293,4640.830211,100863.3763,259394.4706,10816.98533
062618QPJ23,8,318488.5864,147505.9153,76193.6751,32993493.22,2176464.683,1975162.346,624137.9381,1040394.761,16029214.07,16685143.55,16370343.41,628847.5404,33102861.23,36507771.61,5075.057508,2533825.15,24983184.46,185491.4822,25136783.01,2874480.812,50444.33372,12346838.65,281471.2754,86686334.63,242691.6091,44480.23605,77791.69783,3776696.818,204449.6827,65630416.16,11284186.24,25193866.57,18422.48722,25006474.42,21991.77506,817740.5064,135308.1307,263713.1787,1718715.01,612408.9403,6236928.5,707596.3858,698752.8156,8366.399189,16260.58657,94135.04798,1232915.657,5587321.173,3127292.468,2499854.342,2412008.712,47391359.01,N/A,22279676.2,69248.76471,995505.422,2186613.055,67966.8507,1257020.647,24309.2717,1001717.818,34582.75395,64271.11899,89175.12824,13577124.7,214495.7255,237006.3906,284370958.3,2774176.024,168551275.6,77997.24195,1739447.264,1020536.575,570205.2383,N/A,85136.26977,79536.75226,6473740.405,N/A,N/A,1674532.209,N/A,1201167.075,41945.43354,N/A,17505.90372,34512152.73,1482064.196,3903507.45,3599852.499,287476.797,190016.3609,6580.734768,9477863.339,75741.75235,73286.49969,5370196.398,7981565.145,2910707.212,15528.87887,834368.8095,860653.2483,11257.44363,754766.5837,1299632.09,104390.4105,12627.45285,26268.90009,208699.6753,118164.2457,68336.66709,7359.476435,51570.41486,N/A,195510.293,8680.912285,116501.139,882318.016,6728.926422,1959431.553,612684.7331,76013.60799,4625734.768,4564458.753,661652.2623,82746.00374,155359.507,10951.7323,1547819.888,29736.73712,9262.161925,47570.51113,724980.3721,8350157.264,62365.3428,84403.08012,16996.01482,50765521.41,51712477.03,1034109.096,8636765.832,336999.8682,11673.129,101543.6307,4245756.109,24025473.97,7906228.909,34628.87308,11032.41813,N/A,322633.2461,66731.35511,74205135.86,5803774.795,6204.495072,2093802.552,907849.4871,25136783.01,28714.96047,1641559.662,474757.8039,5067.377027,16095222.45,178958.4867,370754.4813,224660.2037,430900.0639,8983295.127,1445693.813,30638.72105,159201699.7,128667.6699,7490395.099,369362.8918,11216989.98,17810.16699,80644.74831,63483.33585,15628.16426,1593618.805,122414.8445,20187.03991,40979123.58,16722.55473,22503.36852,61190346.94,5617518.698,26069428.38,4653532.911,1518925.834,1518925.834,12628.52911,N/A,N/A,28178981.68,150113787.7,N/A,73379084.84,2302186.93,148441.2057,186211762.2,12711.24464,50757872.62,79495991.83,5253427.678,5071.260809,5819.397039,3890489.648,N/A,136088128,334968.5031,137692.9358,100167.5832,4234466.975,411198244.2,2119262.161,7898624.473,6747952.416,295312.8282,147508.5416,4483572.928,52328010.87,4961075.708,61633.15715,1747955.66,61009.40879,471878.3449,16919.93422,4813.286915,809800.0115,907471.4696,58690.341,28110825.99,28704.50316,710052.9365,3348.020231,14358.6914,488662.7162,26930.434,480276.133,8642.962483,147838.9897,2004430.379,N/A,N/A,19329.46643,4116611.53,N/A,418907.1028,134418.1393,122217.3126,264656.4686,342284.2719,76023.13397,N/A,2681964.537,493734.9,N/A,112118.031,3377.555247,8411.746523,35516.86981,3011634.128,14125.78232,N/A,36677.93672,N/A,8055860.099,9160966.296,26181.48067,41387.98961,656677.6006,146601.132,325488.8934,875851.0092,406929.7138,27870.43579,38808.50394,8443.43036,42230.71912,12376982.87,350704.7798,453719.5717,151057.9188,46304.07696,1002131.258,N/A,569953.9002,1769169.835,26161.25961,93676.57294,256241.1015,16916.26347
062618QPJ24,8,29077.83474,215270.3425,44366.6965,61909116.18,2179960.064,1965946.895,613708.8341,1148163.902,16905117.89,15690966.06,16071376.12,589771.7772,26958880.34,30354030.52,31938.15543,1753662.022,29923498.83,1734819.664,26307183.64,3641997.422,N/A,12930361.27,288233.5289,90104998.55,418693.2239,54605.62074,43344.47284,5031874.928,195357.8047,80827459.24,11276343.36,27133363.49,6550.314655,26859249.98,9128.851423,845636.2214,160493.1155,201553.1308,1624566.122,695795.6357,12002410.97,566355.1868,580821.7361,9859.85849,13724.40189,119522.1892,1533391.319,4096461.643,3249475.192,3028440.151,2847027.484,53165665.73,N/A,19285286.48,54444.53991,607228.5568,1153905.373,48974.3429,1478979.542,25214.5658,1126688.564,23117.63197,63977.58577,118989.9513,12472416.39,101064.3681,302558.9754,270573846.8,2178518.798,161602485.8,92305.29441,1598081.626,1037778.468,559412.4995,N/A,97224.66338,97830.30648,11451107.8,N/A,N/A,1445544.393,23855.43098,866041.5995,36037.77856,N/A,33249.46563,35041663.91,440649.4473,3701945.453,3383164.535,261578.1149,126334.1603,4687.861716,9723895.18,70959.22096,118090.2671,5637200.161,8181077.05,2780629.663,19131.61923,827423.0113,796942.1569,13413.16959,712019.4647,1206437.95,121591.0396,10931.78339,N/A,204474.647,78617.4555,93667.95021,9017.941911,49773.92212,N/A,191449.2586,16790.52143,135542.894,836384.77,7029.546717,1994097.711,520864.375,58249.60231,4223674.36,4591137.879,633490.8979,66730.46792,207265.6229,12461.35937,1353210.653,37322.29235,N/A,49443.84439,601204.5416,6821803.864,54071.34383,79917.02816,19357.97268,46465407.35,42297846.64,721586.3272,9510042.312,235630.9334,14356.2922,96332.03986,4661234.264,28891296.82,8796805.535,43913.35423,21246.95902,N/A,405419.1967,61652.37175,87170355.76,6001243.349,24471.73331,213482.1877,648853.8861,26307183.64,57157.23192,2039101.044,609482.8101,6757.370445,13809546.77,123377.035,103969.1765,280712.3895,658463.9456,11223545.03,1669612.383,9398.501202,152791111.4,98097.59615,18535307.97,322793.2494,7837058.66,18571.29321,92034.47138,5054.018816,45794.04696,1779839.667,175501.8065,29564.93768,40601327.31,19038.94447,15344.37725,55867208.26,7016483.253,21474179.97,6378903.435,1522731.287,1522731.287,31213.15432,6230.550205,N/A,27279339.29,159772780.5,N/A,74430615.89,2377372.433,127824.1116,193782502.3,13243.50161,35608913.46,69266879.95,7140443.951,8480.400504,11877.36274,3891955.088,13985.09151,132148048.3,298554.846,71788.13473,102727.404,5629335.091,426380019.9,2241567.048,7080837.596,6145484.274,169227.0054,166951.7621,3781852.617,71631442.47,3918817.459,35711.53667,2556988.474,80488.95239,423142.5286,18100.96378,22794.70759,722975.6603,814654.026,19709.24139,33593860.31,46450.20511,633106.6633,8480.111698,N/A,477604.198,21122.16721,443662.3272,8922.863452,103622.165,2014954.996,45982.42253,N/A,30404.48927,3474563.25,6518.289945,436642.3758,277595.2692,121210.599,108222.3917,581130.6084,76812.29279,N/A,3128832.167,717259.9151,N/A,154557.3256,5913.227427,N/A,56611.72355,3378842.915,20295.03196,N/A,10021.02848,N/A,11228470.05,10245806.95,47294.76016,28717.17816,757541.9843,75998.17936,196111.3808,673133.097,278580.8355,11822.47249,52481.46495,5911.237421,38847.41808,12671473.21,357673.9999,584284.0397,123266.8822,29132.12002,5315.778128,3376.529284,476792.7091,1880295.286,50868.18966,199066.0312,582460.9774,16917.24843
062618QPJ25,8,290425.6177,22521.5898,66697.30171,24361230.85,2615093.777,2516616.255,640111.8653,1684624.445,17156512.22,14986334.09,14265523.6,729570.3113,27253151.21,30135298.85,20329.89557,1902460.851,31594642.83,1871860.819,27562809.15,3997015.962,6782.547253,13668159.29,230123.6307,88652375.17,799284.4597,13058.16144,14560.98498,3061209.802,250197.6617,74465480.65,10846067.21,23739718.4,10752.86114,29932087.93,98758.65734,1147443.294,150964.033,197271.2263,1734372.674,2095368.871,9169915.18,882823.4134,792979.9832,6769.833844,22407.94031,233180.7743,1395465.083,5289835.658,5109975.1,2395379.709,2245463.3,55929789.37,N/A,20963217.17,110577.0957,2829972.813,6229927.618,100222.1367,1250910.75,33250.81124,1536241.816,20960.98782,83638.35262,236100.5991,12059367.82,349025.5188,259249.152,291398925.2,2332803.473,159138258.4,136669.4465,1962184.134,1111769.131,720523.3932,N/A,100220.2553,117509.4106,3747006.92,N/A,8509.586651,1436276.178,40601.40836,1453115.374,64439.00095,N/A,23956.1252,38868272.26,966699.3101,3916679.079,3762786.763,184439.7179,69363.51015,8994.260724,18692644.22,64765.04298,279673.1606,5525822.382,7646213.464,1962704.425,21912.47144,1014920.366,853285.6126,9081.38691,1047812.207,838456.2057,159524.8306,N/A,6319.534162,179705.805,92910.91524,106378.329,15657.92906,51369.23961,N/A,232907.7197,12974.12381,192165.5393,898407.5625,N/A,2375814.075,6765.753618,56475.17667,3634952.888,3910485.946,480703.513,52319.32583,205127.5505,5823.427513,977562.5162,34157.80812,24387.07587,63935.36311,607363.2862,7040807.211,77687.60075,63274.24061,8043.795037,44106090.96,41960217.28,675997.6093,9156326.308,307419.3996,7547.77709,69253.35606,4368194.988,26974677.54,8141444.333,59964.96463,7450.930415,N/A,291736.7298,73484.2605,94110922.49,4995360.396,18541.12077,584206.1026,1222645.464,27562809.15,62230.64777,1909628.277,1074391.561,11824.72233,16087356.68,172875.624,390851.8773,385967.0433,395935.9523,11661338.64,1453501.677,31864.90447,177302690.5,165897.9189,10098141.38,427726.8284,7412772.887,10055.20565,143123.5045,37225.43795,19123.32538,1467619.715,44859.0646,36556.36985,40062997.43,13021.42584,31102.08049,86911544.87,6977179.271,23088166.61,4967191.3,2310879.104,2310879.104,10783.2558,13425.82193,N/A,30851741.45,148168208.6,N/A,88244591.68,4105956.924,174428.8179,189206353.7,7204.93817,49310855.84,82424272.65,11045195.22,N/A,N/A,4451367.964,N/A,118388763.9,226684.9073,110269.0321,101393.9698,7581816.693,449628488.2,2011518.181,7951222.263,7234875.974,198335.0935,121948.8813,5425711.495,63534417.47,6349386.761,160487.6506,1575719.902,85188.38391,687394.5666,14065.42892,35441.7699,1286903.408,1071376.622,44338.33532,30241248.13,54049.0211,664620.4783,14484.93677,N/A,427349.6652,22741.17932,692620.9189,19783.11556,181492.1053,2231054.527,N/A,N/A,40512.90398,2841216.509,4223.548034,514157.6283,242134.1436,133430.08,282333.0103,982904.765,62485.77574,3291.992371,3179230.442,1326438.899,N/A,211135.2456,5067.54695,5949.698871,42247.7827,3705919.706,19782.92444,N/A,34246.5113,N/A,12698166.26,14889621.39,103037.7973,21957.41647,677932.6699,171598.1425,165676.4148,885971.8654,495094.2037,16892.46826,45726.64687,8444.984124,31248.3008,13542419.59,542698.2271,1097309.37,206797.1641,41598.16041,20634.46519,N/A,493439.0029,1976964.15,27593.33275,206951.5103,702817.2965,26142.17987