Current MS Compounds,HMDB ID,KEGG ID,QC(I)#1,QC(I)#2,QC(I)#3,QC(I)#4,QC(I)#5,QC(I)#6,QC(I)#7,QC(S)#1,QC(S)#2,QC(S)#3,QC(S)#4,QC(S)#5,QC(S)#6,QC(S)#7
Trimethylamine (TMA),HMDB00906,C00565,N/A,N/A,N/A,N/A,N/A,N/A,N/A,N/A,N/A,N/A,N/A,N/A,N/A,N/A
Ethanolamine,HMDB00149,C00189,136837,149244,137126,158320,165154,145402,165801,111589,115524,112388,134421,125593,115506,115433
Aminoacetone,HMDB02134,C01888,N/A,N/A,N/A,N/A,N/A,N/A,N/A,N/A,N/A,N/A,N/A,N/A,N/A,N/A
1-Methylguanidine,HMDB01522,C02294,29884,29379,27946,26274,28011,28887,29692,N/A,N/A,N/A,N/A,N/A,N/A,N/A
Glycine,HMDB00123,C00037,585907,570236,590771,605328,581205,566721,541884,326955,354778,336195,350715,359618,343083,349309
Trimethylamine-N-Oxide (TMAO),HMDB00925,C01104,977400,934188,966831,877899,927238,890548,851318,N/A,N/A,N/A,N/A,N/A,N/A,N/A
Putrescine,HMDB01414,C00134,N/A,N/A,N/A,N/A,N/A,N/A,N/A,361916,341364,353642,421434,394280,379890,381528
betaAlanine,HMDB00056,C00099,141856,141019,129262,138827,135256,154956,146643,994806,964269,950385,1120136,1075731,1021227,1054524
Alanine,HMDB00161,C00041,6865806,6813832,6862492,7224605,7017070,7033110,6980722,9474439,9408571,9762704,10361557,10096148,10156367,10242048
Sarcosine,HMDB00271 ,C00213,37794,38487,35758,34128,34029,31831,31509,351537,381649,350277,373208,367064,365526,358493
Betaine Aldehyde,HMDB01252,C00576,N/A,N/A,N/A,N/A,N/A,N/A,N/A,N/A,N/A,N/A,N/A,N/A,N/A,N/A
Cadaverine,HMDB02322,C01672,109937,130424,120145,112493,129844,124260,129697,475920,468891,447505,519992,492775,494901,474538
3-Aminoisobutyrate,HMDB03911,C03284,N/A,N/A,N/A,N/A,N/A,N/A,N/A,547449,472459,456368,670807,653367,554217,544604
Choline,HMDB00097,C00114,52806777,50219538,49415391,50563026,49500969,48036350,47387320,18064630,16984836,15894905,17324000,16704777,15787857,15385928
Dimethylglycine,HMDB00092,C01026,168555,174114,166371,161724,188873,164559,164593,N/A,N/A,N/A,N/A,N/A,N/A,N/A
L-2-Aminobutyric Acid,HMDB00452,C02356,N/A,N/A,N/A,N/A,N/A,N/A,N/A,35619,35273,28915,34431,31179,30902,30353
2-Aminoisobutyric Acid,HMDB01906,C03665,41695,34961,38761,40405,38300,45279,37307,2438051,2439991,2287561,3127104,2846562,2708170,2551563
Serine,HMDB00187,C00065,7720720,7983262,8020033,7921633,7981950,8191931,8019725,5259068,5318296,5372434,5444256,5307945,5315205,5440229
Hypotaurine,HMDB00965,C00519,70550,70669,77117,65445,70620,89390,70572,N/A,N/A,N/A,N/A,N/A,N/A,N/A
Cytosine,HMDB00630,C00380,N/A,N/A,N/A,N/A,N/A,N/A,N/A,N/A,N/A,N/A,N/A,N/A,N/A,N/A
Histamine,HMDB00870,C00388,N/A,N/A,N/A,N/A,N/A,N/A,N/A,320600,313712,312913,366545,355770,344079,316406
Creatinine,HMDB00562,C00791,15493904,14794888,15009058,16408963,15691805,15273990,14986488,N/A,N/A,N/A,N/A,N/A,N/A,N/A
5_6-Dihydrouracil,HMDB00076,C00429,1310077,1287448,1332017,1337089,1347080,1396978,1328852,351485,375334,384058,410351,420414,400503,391970
Proline,HMDB00162,C00148,7365300,7481003,7757057,7721853,7684978,7669299,7948726,7112088,7196594,7073314,7828140,7256245,7313390,7364699
5-Aminovaleric Acid,HMDB03355,C00431,225731,191536,188433,290793,243739,245101,201787,N/A,N/A,N/A,N/A,N/A,N/A,N/A
Betaine,HMDB00043,C00719,62526268,59937694,60686463,63403298,63599836,62330572,62263917,36442774,34307381,34695962,41725537,40018221,37045249,36398499
Valine,HMDB00883,C00183,5520179,5800474,5952976,5434458,5633768,5740369,5313209,3305206,3424312,3403968,3386703,3350015,3349594,3310835
Indole,HMDB00738,C00463,7614,7849,8127,8550,7604,8005,8676,N/A,N/A,N/A,N/A,N/A,N/A,N/A
Threonine,HMDB00167,C00188,7740967,7909848,7988577,8105134,8001582,8071611,8077092,9862022,9998283,9713480,10484588,10102285,9968970,10231787
Cysteine,HMDB00574,C00097,N/A,N/A,N/A,N/A,N/A,N/A,N/A,200193,209217,215128,213463,219229,231018,222861
Niacinamide,HMDB01406,C00153,129196,131324,134852,122514,130333,128569,130018,35779,35261,37860,39059,39111,35827,36679
Taurine,HMDB00251,C00245,3034520,2965048,3068115,3109002,3117400,2914254,3021737,709468,710475,699818,726337,709492,709291,741113
1-Methylhistamine,HMDB00898,C05127,N/A,N/A,N/A,N/A,N/A,N/A,N/A,N/A,N/A,N/A,N/A,N/A,N/A,N/A
Imidazoleacetic Acid,HMDB02024,C02835,N/A,N/A,N/A,N/A,N/A,N/A,N/A,293519,299182,321219,341443,325355,314383,313262
5_6-Dihydrothymine,HMDB00079,C00906,N/A,N/A,N/A,N/A,N/A,N/A,N/A,N/A,N/A,N/A,N/A,N/A,N/A,N/A
Pyroglutamic Acid,HMDB00267,C01879,3849248,3583882,3615049,3622388,3909142,3607051,3554566,763017,709452,710187,790332,741843,811251,714646
Pipecolate,HMDB00070,C00408,666280,700792,659922,646013,721061,698460,712131,190407,237869,216401,224084,215386,213693,209510
Agmatine,HMDB01432,C00179,83223,75388,76416,75801,84446,78179,74613,162764,148613,150341,175914,169592,162859,162471
N-Acetylputrescine,HMDB02064,C02714,N/A,N/A,N/A,N/A,N/A,N/A,N/A,N/A,N/A,N/A,N/A,N/A,N/A,N/A
Creatine,HMDB00064,C00300,19144953,20373146,20521867,22894722,21386432,19698176,19825165,248129,212741,176201,227602,172240,147551,158240
Hydroxyproline,HMDB00725,C01157,2338898,2430356,2431440,2481395,2484612,2451958,2447046,N/A,N/A,N/A,N/A,N/A,N/A,N/A
Aminolevulinate,HMDB01149,C00430,620338,616524,601922,663623,660720,615471,628644,153610,166653,140238,139590,144822,145904,143830
Leucine /D-Norleucine,HMDB00687,C00123,23235332,23535910,23742723,24819508,24614337,22765898,24700227,10426878,10362811,10032883,11752815,11235653,11135869,11517246
iso-Leucine /allo-isoLeucine,HMDB00172/HMDB00557,C00407/C21096,5160261,4915305,5341766,5040714,5093742,5137852,5148884,2322135,2420065,2312574,2554541,2447609,2436145,2444924
Ornithine,HMDB0000214,C01602,11456556,10758190,11742913,11546140,11008295,11302978,11651731,2157552,2013771,2092764,2260008,2187496,2112704,2188205
Asparagine,HMDB00168,C00152,1566482,1609608,1602486,1624382,1513926,1613437,1585281,4613325,4645023,4595360,4833847,4655343,4728738,4688715
Aspartic Acid,HMDB00191,C00049,2115601,2235827,2246131,2105114,2166060,2081470,2127020,1896032,1921801,1966405,2015035,2027161,1994913,1903471
Homocysteine,HMDB00742,C00155,N/A,N/A,N/A,N/A,N/A,N/A,N/A,N/A,N/A,N/A,N/A,N/A,N/A,N/A
S-Methylcysteine,HMDB02108,C22040,138903,123053,140370,155727,140191,151316,137287,193100,188752,199606,206596,197000,176047,188402
1-Methylnicotinamide,HMDB00699,C02918,N/A,N/A,N/A,N/A,N/A,N/A,N/A,N/A,N/A,N/A,N/A,N/A,N/A,N/A
Tyramine,HMDB00306,C00483,N/A,N/A,N/A,N/A,N/A,N/A,N/A,N/A,N/A,N/A,N/A,N/A,N/A,N/A
4-Aminobenzoic Acid,HMDB01392,C00568,N/A,N/A,N/A,N/A,N/A,N/A,N/A,N/A,N/A,N/A,N/A,N/A,N/A,N/A
Trigonelline,HMDB00875,C01004,5997377,5797169,5775516,6222905,6340934,5905807,5987046,540236,485884,502011,566454,563632,540278,506064
1-Methylimidazole Acetate,HMDB02820,C05828,N/A,N/A,N/A,N/A,N/A,N/A,N/A,N/A,N/A,N/A,N/A,N/A,N/A,N/A
Imidazole Propionate,HMDB02271,C20522,N/A,N/A,N/A,N/A,N/A,N/A,N/A,N/A,N/A,N/A,N/A,N/A,N/A,N/A
Spermidine,HMDB01257,C00315,N/A,N/A,N/A,N/A,N/A,N/A,N/A,N/A,N/A,N/A,N/A,N/A,N/A,N/A
4-Guanidinobutanoate,HMDB03464,C01035,11709677,11089143,11471875,12218461,12127500,11729416,11410102,19935276,19698848,19923074,20869037,21344907,19568027,20162060
Acetylcholine,HMDB00895,C01996,N/A,N/A,N/A,N/A,N/A,N/A,N/A,545826,451889,443303,461781,417874,390409,380860
Glutamine,HMDB00641,C00064,40478270,41118233,41669366,44008582,43781523,44271150,42845023,73722430,71356086,70555987,77409701,77720168,73178761,74217218
Lysine,HMDB00182,C00047,33212733,34302427,33974845,35312901,36003397,35425711,34870963,63881481,63535550,61545930,68070927,66702416,65878573,66064732
Deoxycarnitine,HMDB01161,C01181,391804,405373,415471,421168,388998,386042,374022,655860,643509,651861,658672,689316,685237,649736
Glutamic acid,HMDB0000148,C00025,33590200,34469576,34665420,35805439,36227908,35782421,35388369,25038476,24339907,25229712,28234624,26663729,26772281,27055551
Methionine,HMDB00696,C00073,826071,836591,878393,848438,933588,913388,873782,661456,663838,624438,692953,645413,662865,743699
Guanine,HMDB00132,C00242,N/A,N/A,N/A,N/A,N/A,N/A,N/A,N/A,N/A,N/A,N/A,N/A,N/A,N/A
Cystamine,N/A,N/A,N/A,N/A,N/A,N/A,N/A,N/A,N/A,N/A,N/A,N/A,N/A,N/A,N/A,N/A
Histidine,HMDB00177,C00135,53104543,52322001,51911129,56972404,54041569,53712482,53266070,119530811,117518470,111992508,135819453,128818079,124845856,123082260
Serotonin,HMDB00259,C00780,N/A,N/A,N/A,N/A,N/A,N/A,N/A,N/A,N/A,N/A,N/A,N/A,N/A,N/A
Tryptamine,HMDB00303,C00398,N/A,N/A,N/A,N/A,N/A,N/A,N/A,N/A,N/A,N/A,N/A,N/A,N/A,N/A
Carnitine,HMDB00062,C00487,56155297,54184354,54436237,56872394,57316088,56075509,52350092,14741795,14181179,14090467,16842065,15732059,15087400,15014511
Phenylalanine,HMDB00159,C00079,44460672,43908523,45349713,49195299,48983750,47663076,45858664,11957803,12535429,11843412,13948841,12845618,12997159,12938207
Methionine Sulfoxide,HMDB02005,C02989,1016723,1002662,1029047,1149084,1074624,1066566,1118469,3622238,3682393,3450493,3994588,3913498,3840809,3794072
7-Methylguanine,HMDB00897,C02242,191877,174586,184501,205725,202646,189901,188657,82594,84607,77610,98265,91503,92731,83191
Normetanephrine,HMDB00819,C05589,N/A,N/A,N/A,N/A,N/A,N/A,N/A,N/A,N/A,N/A,N/A,N/A,N/A,N/A
Taurocyamine,HMDB03584,C01959,N/A,N/A,N/A,N/A,N/A,N/A,N/A,N/A,N/A,N/A,N/A,N/A,N/A,N/A
Pyridoxamine,HMDB01431,C00534,662222,501664,667611,582483,631009,607696,656525,231666,277594,291687,290072,258555,262165,256718
1/3-Methylhistidine,HMDB00001,C01152,7957177,7462449,7370356,9294136,8801084,8069492,7947799,311622,264734,274277,382983,345091,327222,311819
Norepinephrine,HMDB00216,C00547,N/A,N/A,N/A,N/A,N/A,N/A,N/A,N/A,N/A,N/A,N/A,N/A,N/A,N/A
n-Glycylproline,HMDB00721,N/A,N/A,N/A,N/A,N/A,N/A,N/A,N/A,352671,334725,351595,414170,374632,324314,359120
Arginine,HMDB00517,C00062,51212249,54564485,56171515,55980913,57728060,51939848,53165533,118436287,114099669,110745367,121483009,120170311,117974479,119475354
N-Acetylornithine,HMDB03357,C00437,N/A,N/A,N/A,N/A,N/A,N/A,N/A,N/A,N/A,N/A,N/A,N/A,N/A,N/A
Cotinine,HMDB01046,N/A,258287,249955,260290,275587,273886,272125,261818,N/A,N/A,N/A,N/A,N/A,N/A,N/A
Cysteinyl-Glycine (Cys-Gly),HMDB0000078,C01419,N/A,N/A,N/A,N/A,N/A,N/A,N/A,N/A,N/A,N/A,N/A,N/A,N/A,N/A
Gluconolactone,HMDB00150,C00198,N/A,N/A,N/A,N/A,N/A,N/A,N/A,N/A,N/A,N/A,N/A,N/A,N/A,N/A
Glucosamine,HMDB0001514,C00329,N/A,N/A,N/A,N/A,N/A,N/A,N/A,N/A,N/A,N/A,N/A,N/A,N/A,N/A
Theobromine,HMDB02825,C07480,152629,154620,141729,142789,159303,145430,147710,N/A,N/A,N/A,N/A,N/A,N/A,N/A
1_7-Dimethylxanthine,HMDB01860,C13747,951086,907391,869659,856799,851586,854104,821516,N/A,N/A,N/A,N/A,N/A,N/A,N/A
Tyrosine,HMDB00158,C00082,1032605,991157,1103381,1024684,1053704,975656,953208,1494846,1346333,1579910,1638298,1462888,1491871,1502694
Epinephrine,HMDB00068,C00788,574688,519236,555100,591777,587500,579810,570365,N/A,N/A,N/A,N/A,N/A,N/A,N/A
Se-Methylselenocysteine,HMDB04113,C05689,N/A,N/A,N/A,N/A,N/A,N/A,N/A,N/A,N/A,N/A,N/A,N/A,N/A,N/A
Phosphorylcholine,HMDB01565,C00588,N/A,N/A,N/A,N/A,N/A,N/A,N/A,475508,453190,448018,554331,483106,499682,507128
N6-Acetyl-Lysine,HMDB00206,C02727,178987,154666,171545,174292,196409,158760,164305,380434,387924,385666,439997,413502,430550,422372
Homoarginine,HMDB00670,C01924,1480212,1371292,1327690,1561557,1582469,1517690,1449559,363945,338933,303964,337112,336548,308158,354376
N6-Trimethyllysine,HMDB01325,C03793,4631019,4239836,4325201,4673660,4206450,4488683,4400303,7881010,7687993,6895134,8707745,8142194,7508564,7683059
Homocitrulline,HMDB00679,C02427,192439,178158,179217,242442,221256,213812,198119,151185,154671,144588,160584,165263,166630,163320
Caffeine,HMDB01847,C07481,3414512,3432749,3520406,3565359,3371939,3384499,3381884,N/A,N/A,N/A,N/A,N/A,N/A,N/A
Salicylurate,HMDB00840,C07588,119855,118722,121333,112536,117120,110463,117921,N/A,N/A,N/A,N/A,N/A,N/A,N/A
DL DOPA,HMDB00609,C00355,N/A,N/A,N/A,N/A,N/A,N/A,N/A,N/A,N/A,N/A,N/A,N/A,N/A,N/A
Selenomethionine,HMDB03966,C05335,N/A,N/A,N/A,N/A,N/A,N/A,N/A,N/A,N/A,N/A,N/A,N/A,N/A,N/A
Dimethylarginine (A/SDMA),HMDB01539/HMDB03334,C03626,6546849,6301541,6473825,6504295,6664771,6394351,6583240,6723044,6573339,7002021,7290853,7111804,6941031,7378710
Spermine,HMDB01256,C00750,N/A,N/A,N/A,N/A,N/A,N/A,N/A,N/A,N/A,N/A,N/A,N/A,N/A,N/A
3-Indolebutyric Acid,HMDB02096,C11284,N/A,N/A,N/A,N/A,N/A,N/A,N/A,N/A,N/A,N/A,N/A,N/A,N/A,N/A
Acetylcarnitine,HMDB00201 ,C02571,41521669,39205296,39363254,46475618,43240688,42456358,42885855,31827618,30325570,30249626,32795273,31876478,32304947,32253002
Tryptophan,HMDB00929,C00078,10717039,10696482,10759990,11730460,11653572,11319315,11274619,1228472,1225504,1217021,1361142,1309172,1350319,1261684
L-Kynurenine,HMDB00684,C00328,154707,138816,141013,165699,164190,165704,154731,106920,124292,103519,115069,113520,108183,103856
Phosphocreatine,HMDB01511,C02305,N/A,N/A,N/A,N/A,N/A,N/A,N/A,N/A,N/A,N/A,N/A,N/A,N/A,N/A
N-Ac-Arginine,HMDB04620,N/A,243645,235331,207672,337372,301084,284695,251602,854004,745765,802648,1004812,984754,1016905,971313
Carnosine,HMDB00033,C00386,N/A,N/A,N/A,N/A,N/A,N/A,N/A,N/A,N/A,N/A,N/A,N/A,N/A,N/A
2'-Deoxycytidine,HMDB00014,C00881,N/A,N/A,N/A,N/A,N/A,N/A,N/A,N/A,N/A,N/A,N/A,N/A,N/A,N/A
2'-Deoxyuridine,HMDB0000012,C00526,N/A,N/A,N/A,N/A,N/A,N/A,N/A,N/A,N/A,N/A,N/A,N/A,N/A,N/A
Biopterin,HMDB00468,C06313,N/A,N/A,N/A,N/A,N/A,N/A,N/A,129772,112960,130606,130432,140508,127640,132272
Anserine,HMDB00194,C01262,N/A,N/A,N/A,N/A,N/A,N/A,N/A,N/A,N/A,N/A,N/A,N/A,N/A,N/A
Cystine,HMDB00192,C00491,240293,231247,241915,218782,261575,234240,246370,102537,108885,111832,114282,123835,132151,140416
Cytidine,HMDB00089,C00475,N/A,N/A,N/A,N/A,N/A,N/A,N/A,554619,551385,539913,546725,587570,553598,578643
Uridine,HMDB00296,C00299,722000,676247,718693,703995,711713,687960,683039,1138753,1093626,1125128,1144749,1103548,1114505,1100203
isoValerylcarnitine,HMDB00688,C20826,2328042,2105571,2013497,2863104,2628105,2495284,2266723,N/A,N/A,N/A,N/A,N/A,N/A,N/A
Neopterin,HMDB00845,C05926,N/A,N/A,N/A,N/A,N/A,N/A,N/A,N/A,N/A,N/A,N/A,N/A,N/A,N/A
Glycerophosphocholine,HMDB00086,C00670,31648532,32261157,32081182,37575092,35203473,35011996,32414623,21756326,22543193,22852197,26632136,24917764,24113925,25889156
5-Methylcytidine,HMDB00982,N/A,N/A,N/A,N/A,N/A,N/A,N/A,N/A,N/A,N/A,N/A,N/A,N/A,N/A,N/A
Phosphotyrosine,HMDB06049,C06501,N/A,N/A,N/A,N/A,N/A,N/A,N/A,N/A,N/A,N/A,N/A,N/A,N/A,N/A
Succinylcarnitine,HMDB61717,N/A,339288,352227,339838,437119,425882,377827,394514,N/A,N/A,N/A,N/A,N/A,N/A,N/A
Thiamine,HMDB00235,C00378,72658,73844,90030,76190,95417,79550,81650,264989,263166,297971,311729,298025,280936,261769
2_3-Diphosphoglyceric Acid,HMDB01294,C01159,N/A,N/A,N/A,N/A,N/A,N/A,N/A,N/A,N/A,N/A,N/A,N/A,N/A,N/A
Deoxyguanosine,HMDB00085,C00330,N/A,N/A,N/A,N/A,N/A,N/A,N/A,45515,49494,55286,63958,67321,45794,52119
Adenosine,HMDB00050,C00212,N/A,N/A,N/A,N/A,N/A,N/A,N/A,10926529,10342310,10117264,12381025,11356926,10930499,10786899
Inosine,HMDB00195,C00294,1108309,1083920,1094632,1277245,1267695,1144025,1242066,18790752,19346031,19716933,24225067,21101436,21700294,21308256
Glutarylcarnitine,HMDB13130,N/A,733740,774110,772491,877004,772344,729196,775293,N/A,N/A,N/A,N/A,N/A,N/A,N/A
1-Methyladenosine,HMDB03331,C02494,416702,486979,347925,456208,388756,337602,496799,7025322,7004932,6004558,6670556,7093607,6331318,6533893
6-Methyladenosine,HMDB04044,N/A,27644,28551,28424,29187,27764,25401,29958,26399,24156,28921,25963,35227,31834,27784
Guanosine,HMDB00133,C00387,16163,25150,22605,17830,28237,26122,22854,2579045,2726472,2645434,2917499,2735700,2804884,2704701
Retinal,HMDB01358,C00376,12208,12573,14113,14937,11255,12319,12565,N/A,N/A,N/A,N/A,N/A,N/A,N/A
Retinol,HMDB00305,C19962,97403,105052,105971,101239,107169,106143,97863,83478,92705,89845,86544,78317,76656,86036
Argininosuccinate,HMDB00052,C03406,N/A,N/A,N/A,N/A,N/A,N/A,N/A,205167,205541,215277,217444,198060,223707,214607
5'-Methylthioadenosine,HMDB01173,C00170,N/A,N/A,N/A,N/A,N/A,N/A,N/A,1025313,969140,959588,1133719,1043434,1021853,1024254
N2_N2-Dimethylguanosine,HMDB04824,N/A,187488,174468,176082,189172,180812,165654,174096,54014,59049,55838,60483,57801,59373,60351
UMP,HMDB0000288,C00105,N/A,N/A,N/A,N/A,N/A,N/A,N/A,556150,558173,558814,610398,555411,626582,548141
cAMP,HMDB00058,C00575,N/A,N/A,N/A,N/A,N/A,N/A,N/A,27390,37059,20953,34613,33548,40122,41474
GMP,HMDB01397,C00144,N/A,N/A,N/A,N/A,N/A,N/A,N/A,2607876,2704089,2716882,2807125,2772378,2712172,2855935
Riboflavin,HMDB00244,C00255,N/A,N/A,N/A,N/A,N/A,N/A,N/A,85890,73143,74809,89019,82110,85508,81761
SAH,HMDB0000939,C00021,61339,67110,57932,86931,74892,63792,76685,247521,248223,255254,303827,278699,265674,278015
Cholecalciferol,HMDB00876,C05443,47835,45027,47464,48816,51985,49457,48035,N/A,N/A,N/A,N/A,N/A,N/A,N/A
Ergocalciferol,HMDB00900,C05441,N/A,N/A,N/A,N/A,N/A,N/A,N/A,N/A,N/A,N/A,N/A,N/A,N/A,N/A
S-Adenosylmethionine (SAM),HMDB01185,C00019,N/A,N/A,N/A,N/A,N/A,N/A,N/A,789343,706298,638006,748146,715587,678461,670664
CDP,HMDB01546,C00112,N/A,N/A,N/A,N/A,N/A,N/A,N/A,N/A,N/A,N/A,N/A,N/A,N/A,N/A
Thiamine pyrophosphate,HMDB0001372,C00068,N/A,N/A,N/A,N/A,N/A,N/A,N/A,N/A,N/A,N/A,N/A,N/A,N/A,N/A
Folic Acid,HMDB00121,C00504,N/A,N/A,N/A,N/A,N/A,N/A,N/A,N/A,N/A,N/A,N/A,N/A,N/A,N/A
Vitamin K1,HMDB03555,C02059,N/A,N/A,N/A,N/A,N/A,N/A,N/A,N/A,N/A,N/A,N/A,N/A,N/A,N/A
Biliverdin,HMDB01008,C00500,N/A,N/A,N/A,N/A,N/A,N/A,N/A,N/A,N/A,N/A,N/A,N/A,N/A,N/A
NAD,HMDB00902,C00003,N/A,N/A,N/A,N/A,N/A,N/A,N/A,744172,760334,771478,745472,793084,768471,712492
Methylcobalamin,HMDB02274,C06453,N/A,N/A,N/A,N/A,N/A,N/A,N/A,N/A,N/A,N/A,N/A,N/A,N/A,N/A
Cyanocobalamin (Vitamin B12),HMDB00607,C02823,N/A,N/A,N/A,N/A,N/A,N/A,N/A,N/A,N/A,N/A,N/A,N/A,N/A,N/A
NADPH,HMDB00221,C00005,N/A,N/A,N/A,N/A,N/A,N/A,N/A,N/A,N/A,N/A,N/A,N/A,N/A,N/A
Thyroxine,HMDB00248,C01829,N/A,N/A,N/A,N/A,N/A,N/A,N/A,N/A,N/A,N/A,N/A,N/A,N/A,N/A
FAD,HMDB01248,C00016,27323,27973,21908,21836,37117,20242,21231,204799,229520,219390,234804,195262,213405,208700
Adenosylcobalamin,HMDB02086,C00194,N/A,N/A,N/A,N/A,N/A,N/A,N/A,N/A,N/A,N/A,N/A,N/A,N/A,N/A
Ubiquinol,HMDB13111,C11378,N/A,N/A,N/A,N/A,N/A,N/A,N/A,N/A,N/A,N/A,N/A,N/A,N/A,N/A
Malondialdehyde,HMDB06112,C19440,N/A,N/A,N/A,N/A,N/A,N/A,N/A,N/A,N/A,N/A,N/A,N/A,N/A,N/A
Glycolic acid,HMDB00115,C00160,N/A,N/A,N/A,N/A,N/A,N/A,N/A,N/A,N/A,N/A,N/A,N/A,N/A,N/A
Pyruvate,HMDB00243,C00022,66215,65752,73185,71259,67104,68429,73914,264348,257487,269032,286232,265148,276012,264877
Lactate,HMDB00190,C00186,91994089,99553956,95364910,95869306,96809276,100291932,98559188,9449380,10146222,10214956,9975950,9494945,10376142,10251575
Glyceraldehyde,HMDB01051,C00577,360479,441982,421426,427786,424433,454041,433467,682630,695035,676796,728269,748083,731657,705955
3-Hydroxypropionic Acid,HMDB00700,C01013,N/A,N/A,N/A,N/A,N/A,N/A,N/A,578160,606932,595777,612120,617896,600321,615190
isoValeric Acid /3-Oxobutanoic Acid/4-Oxobutanoic Acid,HMDB00718/HMDB0001259,C08262/C00232/C00164,N/A,N/A,N/A,N/A,N/A,N/A,N/A,N/A,N/A,N/A,N/A,N/A,N/A,N/A
2-Oxobutyrate,HMDB00005,C00109,N/A,N/A,N/A,N/A,N/A,N/A,N/A,N/A,N/A,N/A,N/A,N/A,N/A,N/A
gamma-Aminobutyrate,HMDB0000112,C00334,42066,43278,45503,45721,46984,45038,41046,30136,30506,28781,31175,36529,33682,28483
Malonic Acid,HMDB00691,C00383,N/A,N/A,N/A,N/A,N/A,N/A,N/A,N/A,N/A,N/A,N/A,N/A,N/A,N/A
3HBA,HMDB0000357,C01089,8207522,8507628,8593059,8416428,8315329,8363234,8488821,231718,239811,264686,257155,248427,249496,236568
2-Hydroxyisobutyrate/2-Hydroxybutyrate,HMDB00729,N/A,7156654,7530626,7261128,7060997,7102004,7235103,7124785,N/A,N/A,N/A,N/A,N/A,N/A,N/A
Glycerate,HMDB00139,C00258,2164473,2258881,2174832,2049492,2001080,2026537,1997536,248909,261734,245166,221642,233535,210571,198278
Uracil,HMDB00300,C00106,107239,109890,107527,117017,100668,112629,115477,2200407,2267305,2290554,2180918,2153881,2303889,2289206
Fumaric Acid,HMDB00134,C00122,N/A,N/A,N/A,N/A,N/A,N/A,N/A,N/A,N/A,N/A,N/A,N/A,N/A,N/A
Maleic Acid,HMDB00176,C01384,126994,121148,113964,99560,100349,96631,106494,116169,113971,133256,111206,98006,125702,121951
N-AcetylGlycine,HMDB00532,N/A,364629,376640,349939,337000,301132,303846,317056,103412,94119,99641,65322,67697,65744,66521
Guanidinoacetate,HMDB00128,C00581,85329,81863,83196,77247,73635,78165,79902,N/A,N/A,N/A,N/A,N/A,N/A,N/A
2-Hydroxyisovaleric Acid,HMDB00407,N/A,N/A,N/A,N/A,N/A,N/A,N/A,N/A,N/A,N/A,N/A,N/A,N/A,N/A,N/A
Succinate,HMDB00254,C00042,4449045,4538013,4544766,4150096,3808196,4149300,4154506,11061850,11543983,11353254,10230889,9942942,10054427,10229126
Methylmalonate,HMDB00202,C02170,N/A,N/A,N/A,N/A,N/A,N/A,N/A,N/A,N/A,N/A,N/A,N/A,N/A,N/A
3-Hydroxyisovaleric Acid,HMDB00754,C20827,942232,941591,937682,993396,978616,977783,975105,106894,95614,97013,91915,105539,94816,90588
Erythrose,HMDB02649,C01796,N/A,N/A,N/A,N/A,N/A,N/A,N/A,N/A,N/A,N/A,N/A,N/A,N/A,N/A
Threitol,HMDB04136,C16884,156204,160431,164655,162406,155168,166654,157513,N/A,N/A,N/A,N/A,N/A,N/A,N/A
Nicotinic Acid,HMDB01488,C00253,N/A,N/A,N/A,N/A,N/A,N/A,N/A,N/A,N/A,N/A,N/A,N/A,N/A,N/A
Picolinic Acid,HMDB0002243,C10164,N/A,N/A,N/A,N/A,N/A,N/A,N/A,317706,349832,376171,328486,316030,362533,338683
Thymine,HMDB00262,C00178,N/A,N/A,N/A,N/A,N/A,N/A,N/A,N/A,N/A,N/A,N/A,N/A,N/A,N/A
Citraconic Acid,HMDB00634,C02226,395614,394013,387450,383809,394551,384061,388520,233955,225974,228061,200705,205952,204088,204285
2-oxo-Isocaproic Acid,HMDB00695,C00233,N/A,N/A,N/A,N/A,N/A,N/A,N/A,2990680,3056278,3114351,3118964,3147838,3116231,3224207
Itaconic Acid,HMDB02092,C00490,N/A,N/A,N/A,N/A,N/A,N/A,N/A,N/A,N/A,N/A,N/A,N/A,N/A,N/A
N-Ac-Alanine,HMDB00766,N/A,823668,871362,867156,793204,786581,867641,826455,71072,79077,72857,72728,65412,70640,69522
MethylSuccinate,HMDB01844,N/A,N/A,N/A,N/A,N/A,N/A,N/A,N/A,N/A,N/A,N/A,N/A,N/A,N/A,N/A
D-Leucic Acid,HMDB00624,C03264,990723,1044195,1064791,1022985,1038751,1012465,1052734,200874,192664,190176,179398,184805,185638,199629
Glutaric Acid,HMDB00661,C00489,56920,57666,53050,54200,51954,52448,50327,66692,71124,64752,60104,65798,61565,65432
Oxalacetate,HMDB00223,C00036,105504,107991,119938,120678,115944,118633,131521,192956,194002,208549,186391,215204,204925,202351
Ethylmalonic acid,HMDB00622,N/A,N/A,N/A,N/A,N/A,N/A,N/A,N/A,N/A,N/A,N/A,N/A,N/A,N/A,N/A
N-Carbamoyl-B-Alanine,HMDB00026,C02642,N/A,N/A,N/A,N/A,N/A,N/A,N/A,55426,51025,52772,51594,51382,51220,55659
Malate,HMDB00156,C00149,N/A,N/A,N/A,N/A,N/A,N/A,N/A,N/A,N/A,N/A,N/A,N/A,N/A,N/A
Adenine,HMDB00034,C00147,N/A,N/A,N/A,N/A,N/A,N/A,N/A,850495,891242,924161,868844,825330,889887,897726
Allopurinol,HMDB14581,D00224,N/A,N/A,N/A,N/A,N/A,N/A,N/A,N/A,N/A,N/A,N/A,N/A,N/A,N/A
Hypoxanthine,HMDB00157,C00262,50669646,49951259,50506886,49929771,47612221,49700345,51010252,6372875,6287393,6449672,6173113,6022556,6231433,6277166
Phenylacetic Acid,HMDB00209,C07086,40170,43303,43809,40515,44382,40183,41442,19642,18022,19166,18039,19409,18777,22003
Erythronic/Threonic Acid,HMDB00613/HMDB000943,NA/C01620,N/A,N/A,N/A,N/A,N/A,N/A,N/A,N/A,N/A,N/A,N/A,N/A,N/A,N/A
Anthranilic Acid,HMDB01123,C00108,30838,26695,29608,28169,30199,30002,27386,11055625,11365255,11148103,11616243,11364785,11242969,11436172
4-Hydroxybenzoic Acid,HMDB00500,C00156,6491783,6529529,6313424,6661419,6795080,6728314,6670704,N/A,N/A,N/A,N/A,N/A,N/A,N/A
Acetylphosphate,HMDB01494,C00227,N/A,N/A,N/A,N/A,N/A,N/A,N/A,N/A,N/A,N/A,N/A,N/A,N/A,N/A
o-Phosphoethanolamine,HMDB0000224,C00346,N/A,N/A,N/A,N/A,N/A,N/A,N/A,3179007,3310472,3299306,3364193,3322901,3291619,3286812
n-isoButyrylglycine,HMDB00730,N/A,N/A,N/A,N/A,N/A,N/A,N/A,N/A,N/A,N/A,N/A,N/A,N/A,N/A,N/A
Adipic Acid / 3-Methylglutaric Acid,HMDB00448/HMDB00752,C06104/NA,N/A,N/A,N/A,N/A,N/A,N/A,N/A,N/A,N/A,N/A,N/A,N/A,N/A,N/A
Alpha-Ketoglutaric Acid,HMDB00208,C00026,1157535,1124290,1199504,1210983,1132820,1118543,1115758,4219922,4177978,4207645,4330464,4373500,4132992,4126011
2-Methylglutaric Acid,HMDB00422,N/A,N/A,N/A,N/A,N/A,N/A,N/A,N/A,N/A,N/A,N/A,N/A,N/A,N/A,N/A
Mevalonate,HMDB00227,C00418,N/A,N/A,N/A,N/A,N/A,N/A,N/A,N/A,N/A,N/A,N/A,N/A,N/A,N/A
2-Hydroxyglutarate,HMDB59655,C02630,1426186,1480955,1581412,1501687,1472425,1370862,1368018,41750811,41101810,46023891,46306622,46996188,47052807,48176481
Citramalic Acid,HMDB0000426,C00815,N/A,N/A,N/A,N/A,N/A,N/A,N/A,N/A,N/A,N/A,N/A,N/A,N/A,N/A
L-Tartaric Acid,HMDB59916,C00898,N/A,N/A,N/A,N/A,N/A,N/A,N/A,N/A,N/A,N/A,N/A,N/A,N/A,N/A
Xylose,HMDB00098,C00181,N/A,N/A,N/A,N/A,N/A,N/A,N/A,N/A,N/A,N/A,N/A,N/A,N/A,N/A
alpha-Ketophenylacetic Acid,HMDB0001587,C02137,N/A,N/A,N/A,N/A,N/A,N/A,N/A,N/A,N/A,N/A,N/A,N/A,N/A,N/A
Hydrocinnamic Acid,HMDB00764,C05629,22387,22127,21367,21391,21774,22010,21164,N/A,N/A,N/A,N/A,N/A,N/A,N/A
Oxypurinol,HMDB00786,C07599,205609,221753,204736,200241,208737,206039,220019,N/A,N/A,N/A,N/A,N/A,N/A,N/A
Xanthine,HMDB00292,C00385,2693902,2709538,2689936,2525922,2477200,2588916,2553428,2677787,2708664,2720421,2562774,2451076,2575733,2561648
2-Hydroxyphenylacetate,HMDB62635,C01983,N/A,N/A,N/A,N/A,N/A,N/A,N/A,N/A,N/A,N/A,N/A,N/A,N/A,N/A
L-Mandelic Acid,HMDB00703,C01984,N/A,N/A,N/A,N/A,N/A,N/A,N/A,N/A,N/A,N/A,N/A,N/A,N/A,N/A
Arabitol/Xylitol,HMDB00568,C01904,152369,147389,165064,165692,138558,158543,149498,324587,369839,381112,342932,345505,360316,352926
3/4-Hydroxyphenylacetic Acid,HMDB0000440/HMDB60390,C05593/C00642,N/A,N/A,N/A,N/A,N/A,N/A,N/A,N/A,N/A,N/A,N/A,N/A,N/A,N/A
3-Hydroxyanthranilic Acid,HMDB01476,C00632,N/A,N/A,N/A,N/A,N/A,N/A,N/A,N/A,N/A,N/A,N/A,N/A,N/A,N/A
Dopamine,HMDB00073,C03758,N/A,N/A,N/A,N/A,N/A,N/A,N/A,N/A,N/A,N/A,N/A,N/A,N/A,N/A
3-Sulfinoanaline,HMDB0000996,C00606,N/A,N/A,N/A,N/A,N/A,N/A,N/A,N/A,N/A,N/A,N/A,N/A,N/A,N/A
2_3-Dihydroxybenzoic Acid,HMDB00397,C00196,N/A,N/A,N/A,N/A,N/A,N/A,N/A,N/A,N/A,N/A,N/A,N/A,N/A,N/A
Gentisate,HMDB00152,C00628,N/A,N/A,N/A,N/A,N/A,N/A,N/A,N/A,N/A,N/A,N/A,N/A,N/A,N/A
Orotate,HMDB00226,C00295,N/A,N/A,N/A,N/A,N/A,N/A,N/A,N/A,N/A,N/A,N/A,N/A,N/A,N/A
Allantoin,HMDB00462,C01551,570467,576422,581254,580371,570353,592989,586652,438491,427210,439623,418787,402345,431296,447416
n-isoValerylglycine,HMDB00678,N/A,40913,42757,38747,36467,36360,34903,36565,N/A,N/A,N/A,N/A,N/A,N/A,N/A
2-Aminoadipate,HMDB00510,C00956,78716,80750,83175,78543,76573,79663,73772,129717,122642,126844,122464,136522,123827,138368
Indole-3-Carboxylic Acid,HMDB03320,C19837,25069,23874,23424,20047,23930,20668,22520,N/A,N/A,N/A,N/A,N/A,N/A,N/A
Indole-2-Carboxylic Acid,HMDB02285,N/A,N/A,N/A,N/A,N/A,N/A,N/A,N/A,N/A,N/A,N/A,N/A,N/A,N/A,N/A
3-Methyl-3-Hydroxyglutaric Acid,HMDB0000355,C03761,15704,15880,13653,13848,13622,12673,12794,21158,20503,19252,20208,18047,18091,17259
PPA,HMDB00205,C00166,N/A,N/A,N/A,N/A,N/A,N/A,N/A,N/A,N/A,N/A,N/A,N/A,N/A,N/A
3-Hydroxycinnaminic Acid,HMDB02035,C00811,N/A,N/A,N/A,N/A,N/A,N/A,N/A,N/A,N/A,N/A,N/A,N/A,N/A,N/A
p-Coumaric Acid,HMDB01713,C12621,N/A,N/A,N/A,N/A,N/A,N/A,N/A,N/A,N/A,N/A,N/A,N/A,N/A,N/A
Xylonate,HMDB60256,C05411,N/A,N/A,N/A,N/A,N/A,N/A,N/A,N/A,N/A,N/A,N/A,N/A,N/A,N/A
Phenyllactic Acid,HMDB0000779,C05607,593684,549903,579004,529131,514676,504441,524664,N/A,N/A,N/A,N/A,N/A,N/A,N/A
3-(4-Hydroxyphenyl)Propionate,HMDB02199,C01744,197232,204078,249247,227372,231029,223181,211165,182185,167919,185139,218787,221875,229068,277640
Quinolinic Acid,HMDB0000232,C03722,N/A,N/A,N/A,N/A,N/A,N/A,N/A,N/A,N/A,N/A,N/A,N/A,N/A,N/A
PEP,HMDB00263,C00074,N/A,N/A,N/A,N/A,N/A,N/A,N/A,N/A,N/A,N/A,N/A,N/A,N/A,N/A
Homogentisate,HMDB00130,C00544,N/A,N/A,N/A,N/A,N/A,N/A,N/A,N/A,N/A,N/A,N/A,N/A,N/A,N/A
Urate,HMDB00289,C00366 ,27685308,27547684,28130817,28700142,28050910,28234523,27550619,20408367,20716134,20284046,20307078,19965673,19649560,19831560
DHAP/D-GA3P,HMDB01473,C00111,N/A,N/A,N/A,N/A,N/A,N/A,N/A,131882,127420,120090,128475,120208,136343,122415
Glycerol-3-P,HMDB00126,C00093,361501,399044,399415,368959,383979,370133,370352,17089714,16961768,16903353,16740362,16609880,16418682,16709095
trans-Aconitate,HMDB00958,C02341,N/A,N/A,N/A,N/A,N/A,N/A,N/A,N/A,N/A,N/A,N/A,N/A,N/A,N/A
Shikimic Acid,HMDB03070,C00493,N/A,N/A,N/A,N/A,N/A,N/A,N/A,N/A,N/A,N/A,N/A,N/A,N/A,N/A
cis-Aconitate,HMDB00072,C00417,N/A,N/A,N/A,N/A,N/A,N/A,N/A,N/A,N/A,N/A,N/A,N/A,N/A,N/A
Suberic Acid,HMDB00893,C08278,256775,242484,266786,270557,249580,269911,247574,426370,400096,441850,416832,415831,405785,401095
Indole-3-Acetic Acid,HMDB00197,C00954,115149,114788,108203,119038,116567,111801,116438,N/A,N/A,N/A,N/A,N/A,N/A,N/A
Citrulline,HMDB00904,C00327,8085605,7942789,7884187,8101955,7717629,7677925,7878455,155339,152621,157545,158795,147679,146006,153287
N-Acetyl-Aspartate (NAA),HMDB00812,C01042,727476,776617,753304,890999,783365,769236,775871,2100466,2049276,2053623,2194625,2243560,2105145,2115689
Ascorbic Acid (Vit. C),HMDB00044,C00072,N/A,N/A,N/A,N/A,N/A,N/A,N/A,N/A,N/A,N/A,N/A,N/A,N/A,N/A
2-isoPropylmalic Acid,HMDB00402,C02504,N/A,N/A,N/A,N/A,N/A,N/A,N/A,N/A,N/A,N/A,N/A,N/A,N/A,N/A
3-isoPropylmalic Acid,HMDB12156,C04411,N/A,N/A,N/A,N/A,N/A,N/A,N/A,N/A,N/A,N/A,N/A,N/A,N/A,N/A
n-Formylmethionine,HMDB01015,C03145,36256,37451,35029,31328,27587,35306,30891,N/A,N/A,N/A,N/A,N/A,N/A,N/A
Hippuric Acid,HMDB00714,C01586,1759473,1745349,1754517,1723441,1650575,1715675,1686221,N/A,N/A,N/A,N/A,N/A,N/A,N/A
Inositol,HMDB00211,C00137,N/A,N/A,N/A,N/A,N/A,N/A,N/A,N/A,N/A,N/A,N/A,N/A,N/A,N/A
Glucose,HMDB00122,C00031,8370413,8859215,9176365,9484737,8788677,10219611,9189065,15305752,15199709,15464300,15529235,17426232,14712432,15856570
Mannose,HMDB00169,C00159,N/A,N/A,N/A,N/A,N/A,N/A,N/A,N/A,N/A,N/A,N/A,N/A,N/A,N/A
Fructose,HMDB00660,C00095,500981,539003,534548,541286,550920,566566,556223,1370308,1562383,1368146,1467240,1276412,1327094,1388260
OH-Phenylpyruvate,HMDB00707,C01179,N/A,N/A,N/A,N/A,N/A,N/A,N/A,N/A,N/A,N/A,N/A,N/A,N/A,N/A
Theophylline,HMDB01889,C07130,855193,909603,867487,897812,896792,946985,927813,N/A,N/A,N/A,N/A,N/A,N/A,N/A
Sorbitol,HMDB00247,C00794,233155,225770,253265,228730,238306,233746,232452,349140,350779,363114,330232,345889,331231,340352
Homovanilate,HMDB00118,C05582,N/A,N/A,N/A,N/A,N/A,N/A,N/A,N/A,N/A,N/A,N/A,N/A,N/A,N/A
Mannitol,HMDB00765,C00392,92449,94543,105836,80753,86630,88357,90973,35967,37843,39691,31248,36680,38146,34671
4-Pyridoxic Acid,HMDB00017,C00847,693640,770287,720930,697548,722043,701016,575569,N/A,N/A,N/A,N/A,N/A,N/A,N/A
Phosphoserine,HMDB00272,C01005,N/A,N/A,N/A,N/A,N/A,N/A,N/A,N/A,N/A,N/A,N/A,N/A,N/A,N/A
2/3-Phosphoglyceric Acid,HMDB0000362,C00197/C00597,N/A,N/A,N/A,N/A,N/A,N/A,N/A,173125,172216,170133,179060,188189,186054,181552
Azelaic Acid,HMDB00784,C08261,888691,881698,878115,900422,898553,940405,931927,922179,940067,937920,964218,822450,881072,900798
N-Ac-L-Glutamine,HMDB06029,N/A,N/A,N/A,N/A,N/A,N/A,N/A,N/A,40819,36010,35664,40641,37264,34200,33738
Kynurenic Acid,HMDB0000715,C01717,830744,920287,902769,1087449,1193548,1292652,1251179,2601755,2854744,3019822,3249277,3259606,3526249,3643995
N-Ac-Glutamate,HMDB01138,C00624,245801,253476,253327,275083,238492,231585,226677,227376,222450,225107,226763,239262,237767,238203
Indole-3-Propionate,HMDB02302,N/A,248368,234513,241211,233695,238340,230090,230082,N/A,N/A,N/A,N/A,N/A,N/A,N/A
5-Hydroxyl-Indole-3-Acetic Acid,HMDB00763,C05635,N/A,N/A,N/A,N/A,N/A,N/A,N/A,N/A,N/A,N/A,N/A,N/A,N/A,N/A
N-Ac-Methionine,HMDB11745,C02712,N/A,N/A,N/A,N/A,N/A,N/A,N/A,N/A,N/A,N/A,N/A,N/A,N/A,N/A
Citric Acid,HMDB00094,C00158,N/A,N/A,N/A,N/A,N/A,N/A,N/A,N/A,N/A,N/A,N/A,N/A,N/A,N/A
Glucoronate,HMDB00127,C00191,505735,504001,493009,498791,483712,503511,473931,115605,122254,116265,125350,119798,123884,112875
4-Hydroxy-3-Nitrophenylacetate,HMDB62403,N/A,N/A,N/A,N/A,N/A,N/A,N/A,N/A,N/A,N/A,N/A,N/A,N/A,N/A,N/A
Vanilmandelic Acid,HMDB00291,C05584,N/A,N/A,N/A,N/A,N/A,N/A,N/A,N/A,N/A,N/A,N/A,N/A,N/A,N/A
Erythrose-4-Phosphate,HMDB01321,C00279,N/A,N/A,N/A,N/A,N/A,N/A,N/A,N/A,N/A,N/A,N/A,N/A,N/A,N/A
Cysteine-S-Sulfate,HMDB00731,C05824,298577,285987,275914,304068,240135,252872,251252,N/A,N/A,N/A,N/A,N/A,N/A,N/A
IndolePyruvate,HMDB60484,C00331,N/A,N/A,N/A,N/A,N/A,N/A,N/A,N/A,N/A,N/A,N/A,N/A,N/A,N/A
Xanthurenic Acid,HMDB00881,C02470,N/A,N/A,N/A,N/A,N/A,N/A,N/A,856476,722912,773618,774217,879219,754830,774225
Indole-3-Lactate,HMDB00671,C02043,326065,349361,325234,323640,333241,330207,339530,N/A,N/A,N/A,N/A,N/A,N/A,N/A
N-Ac-Phenylalanine,HMDB00512,C03519,N/A,N/A,N/A,N/A,N/A,N/A,N/A,N/A,N/A,N/A,N/A,N/A,N/A,N/A
3-Indoxyl Sulfate,HMDB00682,N/A,5839555,5900072,5814398,6169977,6230512,6293784,6066616,N/A,N/A,N/A,N/A,N/A,N/A,N/A
Pantothenate,HMDB00210,C00864,390350,306412,337918,352606,327471,307587,341079,1269886,1265652,1254696,1248465,1192990,1243579,1279274
Cystathionine,HMDB00099,C02291,16622,18925,20061,19278,17174,16753,17371,404120,409048,457512,451114,431479,445944,469242
N-Ac-Tyrosine,HMDB00866,C01657,N/A,N/A,N/A,N/A,N/A,N/A,N/A,N/A,N/A,N/A,N/A,N/A,N/A,N/A
Myristic Acid,HMDB0000806,C06424,18704,19699,20901,18960,19604,17098,19314,105962,100665,105857,113186,113544,107649,105766
Ribose-5-P,HMDB01548,C00117,N/A,N/A,N/A,N/A,N/A,N/A,N/A,2589780,2578255,2480134,2406299,2297179,2352606,2310063
Ribulose 5-Phosphate,HMDB00618,C00199,N/A,N/A,N/A,N/A,N/A,N/A,N/A,247311,258370,250385,233440,246271,235400,236519
Melatonin,HMDB01389,C01598,44926,49887,46623,53015,52618,49646,51716,N/A,N/A,N/A,N/A,N/A,N/A,N/A
Tetrahydrobiopterin,HMDB00027,C00272,N/A,N/A,N/A,N/A,N/A,N/A,N/A,N/A,N/A,N/A,N/A,N/A,N/A,N/A
Thymidine,HMDB00273,C00214,N/A,N/A,N/A,N/A,N/A,N/A,N/A,N/A,N/A,N/A,N/A,N/A,N/A,N/A
Pseudouridine,HMDB00767,C02067,1776139,1719139,1799196,1706544,1627547,1762879,1757651,311820,317778,324928,316117,305548,317327,321502
Biotin,HMDB00030,C00120,N/A,N/A,N/A,N/A,N/A,N/A,N/A,N/A,N/A,N/A,N/A,N/A,N/A,N/A
N-Ac-Tryptophan,HMDB13713,N/A,N/A,N/A,N/A,N/A,N/A,N/A,N/A,N/A,N/A,N/A,N/A,N/A,N/A,N/A
Pyridoxal-5-P,HMDB01491,C00018,N/A,N/A,N/A,N/A,N/A,N/A,N/A,N/A,N/A,N/A,N/A,N/A,N/A,N/A
Palmitic Acid,HMDB0000220,C00249,261651,260316,254503,273202,282286,251180,283433,99696,88242,93379,109819,111025,117908,100025
5-Methyluridine,HMDB00884,N/A,78554,84286,83932,79399,83115,82177,82713,N/A,N/A,N/A,N/A,N/A,N/A,N/A
5-Hydroxymethyl-2'-Deoxyuridine,N/A,N/A,N/A,N/A,N/A,N/A,N/A,N/A,N/A,N/A,N/A,N/A,N/A,N/A,N/A,N/A
Glucosamine-6-Phosphate,HMDB0001254,C00352,N/A,N/A,N/A,N/A,N/A,N/A,N/A,86877,90895,91297,86502,86841,84498,82947
G6P,HMDB0001401,C00092,N/A,N/A,N/A,N/A,N/A,N/A,N/A,10050351,10345801,10508173,9964234,10156045,10337878,10037465
G1P/F1P/F6P,HMDB01586/HMDB01076/HMDB00124,C01094/C00085/C00103,N/A,N/A,N/A,N/A,N/A,N/A,N/A,2340445,2760732,2801734,2773563,2703560,2799260,2750043
Phenylacetylglutamine,HMDB06344,C04148,1741485,1605171,1563363,1596900,1560550,1583502,1594927,N/A,N/A,N/A,N/A,N/A,N/A,N/A
MOPEG Sulfate,HMDB00559,N/A,N/A,N/A,N/A,N/A,N/A,N/A,N/A,N/A,N/A,N/A,N/A,N/A,N/A,N/A
Margaric Acid,HMDB02259,N/A,N/A,N/A,N/A,N/A,N/A,N/A,N/A,37232,39321,42195,34961,38654,39216,36441
6-Phosphogluconic Acid,HMDB0001316,C00345,N/A,N/A,N/A,N/A,N/A,N/A,N/A,N/A,N/A,N/A,N/A,N/A,N/A,N/A
Linolenic Acid,HMDB01388,C06427,92402,90180,87231,93765,89376,84529,89500,N/A,N/A,N/A,N/A,N/A,N/A,N/A
Linoleic Acid,HMDB00673,C01595,775056,840211,847333,883570,830132,845679,856564,141691,139132,138238,135383,135821,143191,144899
Xanthosine,HMDB00299,C01762,N/A,N/A,N/A,N/A,N/A,N/A,N/A,84632,91466,87508,90692,90573,95101,93616
Sedoheptulose 7-Phosphate,HMDB01068,C05382,N/A,N/A,N/A,N/A,N/A,N/A,N/A,3258809,3368868,3395470,3382039,3336920,3334227,3385338
Retinoic Acid,HMDB01852,C00777,N/A,N/A,N/A,N/A,N/A,N/A,N/A,N/A,N/A,N/A,N/A,N/A,N/A,N/A
N-Acetyl-Aspartyl-Glutamate (NAAG),HMDB01067,C12270,41225,38950,41082,42833,42075,37298,38154,N/A,N/A,N/A,N/A,N/A,N/A,N/A
Arachidonate,HMDB60102,C00219,2199519,2218954,2212070,2372760,2302047,2266721,2264235,N/A,N/A,N/A,N/A,N/A,N/A,N/A
DCMP,HMDB01202,C00239,N/A,N/A,N/A,N/A,N/A,N/A,N/A,N/A,N/A,N/A,N/A,N/A,N/A,N/A
Reduced Glutathione,HMDB00125,C00051,N/A,N/A,N/A,N/A,N/A,N/A,N/A,2152801,2047874,2113209,1920953,1906512,1990868,1998610
DUMP,HMDB01409,C00365,N/A,N/A,N/A,N/A,N/A,N/A,N/A,N/A,N/A,N/A,N/A,N/A,N/A,N/A
N-Acetylneuraminate,HMDB00230,C00270,652956,584583,560598,598299,566405,525077,536484,N/A,N/A,N/A,N/A,N/A,N/A,N/A
Geranyl Pyrophosphate,HMDB01285,C00341,N/A,N/A,N/A,N/A,N/A,N/A,N/A,N/A,N/A,N/A,N/A,N/A,N/A,N/A
DTMP,HMDB01227,C00364,N/A,N/A,N/A,N/A,N/A,N/A,N/A,N/A,N/A,N/A,N/A,N/A,N/A,N/A
CMP,HMDB00095,C00055,N/A,N/A,N/A,N/A,N/A,N/A,N/A,N/A,N/A,N/A,N/A,N/A,N/A,N/A
F16BP/F26BP/G16BP,HMDB01058/HMDB01047/HMDB03514,C00665/C00354/C01231,N/A,N/A,N/A,N/A,N/A,N/A,N/A,N/A,N/A,N/A,N/A,N/A,N/A,N/A
Lactose/Trehalose,HMDB00186,C00243,N/A,N/A,N/A,N/A,N/A,N/A,N/A,476388,471960,484089,470745,484025,484984,498718
Sucrose,HMDB00258,C00089,N/A,N/A,N/A,N/A,N/A,N/A,N/A,56664812,59419713,59081309,58626507,59788074,57512425,59322526
cGMP,HMDB01314,C00942,N/A,N/A,N/A,N/A,N/A,N/A,N/A,69429,66287,70654,69826,67747,73489,65476
Gibberellin,HMDB03559,C01699,N/A,N/A,N/A,N/A,N/A,N/A,N/A,N/A,N/A,N/A,N/A,N/A,N/A,N/A
AMP,HMDB00045,C00020,N/A,N/A,N/A,N/A,N/A,N/A,N/A,6115130,5888433,6028521,6032118,5846289,5854330,5674197
IMP,HMDB00175,C00130,N/A,N/A,N/A,N/A,N/A,N/A,N/A,1651677,1581792,1602383,1548351,1579572,1575814,1577787
PGE,HMDB0001220,C00584,66518,60731,64187,63513,61853,68633,58141,N/A,N/A,N/A,N/A,N/A,N/A,N/A
Cortisol,HMDB0000063,C00735,N/A,N/A,N/A,N/A,N/A,N/A,N/A,N/A,N/A,N/A,N/A,N/A,N/A,N/A
DCDP,HMDB01245,C00705,N/A,N/A,N/A,N/A,N/A,N/A,N/A,N/A,N/A,N/A,N/A,N/A,N/A,N/A
PRPP,HMDB00280,C00119,N/A,N/A,N/A,N/A,N/A,N/A,N/A,N/A,N/A,N/A,N/A,N/A,N/A,N/A
Deoxycholic Acid,HMDB00626,C04483,35660,44057,36664,36685,30620,36442,31533,N/A,N/A,N/A,N/A,N/A,N/A,N/A
Chenodeoxycholate,HMDB00518,C02528,N/A,N/A,N/A,N/A,N/A,N/A,N/A,N/A,N/A,N/A,N/A,N/A,N/A,N/A
UDP,HMDB00295,C00015,N/A,N/A,N/A,N/A,N/A,N/A,N/A,26150,26363,25154,24920,24470,20142,22401
beta-Muricholic Acid,HMDB00865,C17726,N/A,N/A,N/A,N/A,N/A,N/A,N/A,N/A,N/A,N/A,N/A,N/A,N/A,N/A
Cholic Acid,HMDB00619,C00695,N/A,N/A,N/A,N/A,N/A,N/A,N/A,N/A,N/A,N/A,N/A,N/A,N/A,N/A
gamma-Tocopherol,HMDB01492,C02483,N/A,N/A,N/A,N/A,N/A,N/A,N/A,N/A,N/A,N/A,N/A,N/A,N/A,N/A
ADP,HMDB01341,C00008,N/A,N/A,N/A,N/A,N/A,N/A,N/A,18154,19290,19263,18399,17733,17522,20315
alpha-Tocopherol,HMDB01893,C02477,N/A,N/A,N/A,N/A,N/A,N/A,N/A,N/A,N/A,N/A,N/A,N/A,N/A,N/A
GDP,HMDB01201,C00035,N/A,N/A,N/A,N/A,N/A,N/A,N/A,N/A,N/A,N/A,N/A,N/A,N/A,N/A
Glycochenodeoxycholate,HMDB00637,C05466,642766,612406,647344,595331,619396,577636,571885,N/A,N/A,N/A,N/A,N/A,N/A,N/A
Adenylosuccinate,HMDB00536,C03794,271104,280231,309928,287317,281575,290975,282150,N/A,N/A,N/A,N/A,N/A,N/A,N/A
Glycocholate,HMDB00138,C01921,30825,30870,27267,31632,27720,30616,29341,N/A,N/A,N/A,N/A,N/A,N/A,N/A
Cholesteryl Sulfate,HMDB00653,C18043,2240957,2367372,2213449,2815243,2710111,2915579,2733609,112731,112571,116357,116559,121466,114567,121494
dCTP,HMDB0000998,C00458,N/A,N/A,N/A,N/A,N/A,N/A,N/A,25702,24639,25504,24475,23552,24981,24109
DUTP,HMDB01191,C00460,N/A,N/A,N/A,N/A,N/A,N/A,N/A,N/A,N/A,N/A,N/A,N/A,N/A,N/A
TTP,HMDB0001342,C00459,N/A,N/A,N/A,N/A,N/A,N/A,N/A,N/A,N/A,N/A,N/A,N/A,N/A,N/A
CTP,HMDB00082,C00063,N/A,N/A,N/A,N/A,N/A,N/A,N/A,N/A,N/A,N/A,N/A,N/A,N/A,N/A
DATP,HMDB0001532,C00131,N/A,N/A,N/A,N/A,N/A,N/A,N/A,N/A,N/A,N/A,N/A,N/A,N/A,N/A
ATP,HMDB00538,C00002,N/A,N/A,N/A,N/A,N/A,N/A,N/A,N/A,N/A,N/A,N/A,N/A,N/A,N/A
Phosphoadenosine Phosphosulfate,HMDB01134,C00053,N/A,N/A,N/A,N/A,N/A,N/A,N/A,N/A,N/A,N/A,N/A,N/A,N/A,N/A
Tauro-alpha/beta-Muricholic Acid,HMDB00932,N/A,N/A,N/A,N/A,N/A,N/A,N/A,N/A,N/A,N/A,N/A,N/A,N/A,N/A,N/A
Taurocholate,HMDB00036,C05122,N/A,N/A,N/A,N/A,N/A,N/A,N/A,N/A,N/A,N/A,N/A,N/A,N/A,N/A
GTP,HMDB01273,C00044,N/A,N/A,N/A,N/A,N/A,N/A,N/A,N/A,N/A,N/A,N/A,N/A,N/A,N/A
UDP-Glucose,HMDB00286,C00029,N/A,N/A,N/A,N/A,N/A,N/A,N/A,385642,387095,388821,361438,378264,387645,380779
UDP-GlcNAc,HMDB00290,C00043,N/A,N/A,N/A,N/A,N/A,N/A,N/A,1238799,1247040,1246893,1307347,1289569,1254549,1293471
Oxidized Glutathione,HMDB03337,C00127,N/A,N/A,N/A,N/A,N/A,N/A,N/A,87738,92782,94922,87882,92810,92371,89631
NADH,HMDB01487,C00004,N/A,N/A,N/A,N/A,N/A,N/A,N/A,22287,23642,19425,20402,20658,19468,21051
NADP,HMDB00217,C00006,N/A,N/A,N/A,N/A,N/A,N/A,N/A,N/A,N/A,N/A,N/A,N/A,N/A,N/A
3C13-Glycine,Spiked Stable Isotope Labeled Internal Standards ,,237187,240290,224770,261262,245610,237726,251033,N/A,N/A,N/A,N/A,N/A,N/A,N/A
4C13-Alanine,,,2655801,2654001,2819530,2644309,2743189,2673971,2714059,N/A,N/A,N/A,N/A,N/A,N/A,N/A
2C13-Choline,,,41023281,38708017,38991893,40637584,40278194,38422405,37182257,N/A,N/A,N/A,N/A,N/A,N/A,N/A
4C13-Serine,,,2779175,2886617,2819974,2817213,2807742,2824063,2943648,N/A,N/A,N/A,N/A,N/A,N/A,N/A
d3-Creatinine,,,32476829,31078630,31100094,34294927,32653703,31965366,31314622,N/A,N/A,N/A,N/A,N/A,N/A,N/A
6C13-Proline,,,6078539,5933573,6274838,6349953,6417082,6218439,6244110,N/A,N/A,N/A,N/A,N/A,N/A,N/A
6C13-Valine,,,1674647,1730015,1597440,1636123,1701810,1692147,1694315,N/A,N/A,N/A,N/A,N/A,N/A,N/A
5C13-Threonine,,,2932239,3189871,3100367,3187924,3216969,3193509,3141519,N/A,N/A,N/A,N/A,N/A,N/A,N/A
5C13-Aspartic Acid,,,4035487,4091633,4302236,4220355,4122358,4175123,4209686,N/A,N/A,N/A,N/A,N/A,N/A,N/A
6C13-Asparagine,,,3504485,3530644,3683538,3769377,3542693,3628193,3698866,N/A,N/A,N/A,N/A,N/A,N/A,N/A
7C13-Leucine,,,17047213,16711456,17395555,17867149,17736840,18403408,17265278,N/A,N/A,N/A,N/A,N/A,N/A,N/A
7C13-iso-Leucine,,,2007520,2054166,1969165,2099760,2003985,2112826,2010933,N/A,N/A,N/A,N/A,N/A,N/A,N/A
2C13-Glutamic acid,,,17755105,18243220,18165946,18985692,18966960,18936635,18590996,77628257,74359274,76823155,84231432,84027531,81040216,78845808
7C13-Glutamine,,,11968864,11969172,12078938,13049509,12731733,12120967,12657607,N/A,N/A,N/A,N/A,N/A,N/A,N/A
6C13-Glutamic acid,,,12299203,12379370,12640732,13349153,12832659,13177616,13159733,N/A,N/A,N/A,N/A,N/A,N/A,N/A
8C13-Lysine,,,28957644,27609981,28198113,28181964,29112770,28659225,28181422,N/A,N/A,N/A,N/A,N/A,N/A,N/A
6C13-Methionine,,,904459,884335,866841,984831,935733,924543,945993,N/A,N/A,N/A,N/A,N/A,N/A,N/A
9C13-Histidine,,,5387571,5148664,5085205,5618300,5440528,5326582,5237072,N/A,N/A,N/A,N/A,N/A,N/A,N/A
10C13-Phenylalanine,,,8479107,8515894,8773811,9336107,9172703,9234815,9107938,N/A,N/A,N/A,N/A,N/A,N/A,N/A
2C13-Tyrosine,,,1019375,965429,1023593,1069892,1089431,1056989,993860,1760605,1714526,1720455,1871315,1844792,1802590,1881533
10C13-Arginine,,,59899051,59608058,61397640,62790652,61893945,60442476,60398625,N/A,N/A,N/A,N/A,N/A,N/A,N/A
10C13-Tyrosine,,,188711,187205,191577,212890,198662,213959,186784,N/A,N/A,N/A,N/A,N/A,N/A,N/A
13C13-Tryptophan,,,6718587,6355842,7050769,7395244,7248197,7298946,7211826,N/A,N/A,N/A,N/A,N/A,N/A,N/A
8C13-Cystine,,,535802,567239,533812,520246,529713,503472,526883,N/A,N/A,N/A,N/A,N/A,N/A,N/A
11C13-Uridine,,,370614,359799,362479,365073,348026,361141,344405,N/A,N/A,N/A,N/A,N/A,N/A,N/A
3C13-Lactate,,,11247987,12151279,11688357,11874290,11738564,12233674,12125213,19048756,20512325,20285020,19836315,19250310,20645411,20573943
4C13-3HBA,,,11319596,12046994,11624529,11462987,11450046,11712734,11500982,N/A,N/A,N/A,N/A,N/A,N/A,N/A
2N15-Xanthine,,,1910901,1886293,1885173,1759106,1737287,1795623,1783400,N/A,N/A,N/A,N/A,N/A,N/A,N/A
2N15-Urate,,,13664530,14371286,14029903,14553898,14625574,14334790,13597827,N/A,N/A,N/A,N/A,N/A,N/A,N/A
1C13-Citrulline,,,3550395,3519516,3435541,3505066,3516005,3468605,3536467,N/A,N/A,N/A,N/A,N/A,N/A,N/A
6C13-Glucose,,,3020301,3190851,3103348,3281106,3251746,3349206,3325931,12809215,13046259,12979428,13488666,14281505,13170926,13213262
4C13-Pentothenate,,,3058645,2513865,2723100,2714710,2819941,2522226,2724956,N/A,N/A,N/A,N/A,N/A,N/A,N/A